GeneID,Normal,Normal,Normal,Normal,Normal,Normal,Tumor,Tumor,Tumor,Tumor,Tumor,Tumor,Tumor,Tumor,Tumor,Tumor,Tumor,Tumor
XLOC_136767,0,0,0,0,0,0,0,0,0,0,0,0,0,0,0,0,0,0
ENSG00000176533,37,57,17,24,39,54,27,12,18,22,25,79,12,37,34,16,46,119
XLOC_020536,4,0,2,1,0,4,3,15,0,8,2,0,5,2,2,0,3,0
XLOC_162194,4,38,11,14,2,16,1,0,10,3,8,9,0,4,6,8,23,7
XLOC_126417,3,6,3,1,3,3,2,0,6,1,8,3,1,3,13,1,2,7
ENSG00000108823,1,4,0,3,2,14,1,2,0,6,5,0,2,1,3,0,2,8
ENSG00000198429,16,4,59,50,42,80,6,97,94,36,100,88,26,5,111,30,50,52
XLOC_108121,0,3,17,0,1,26,4,0,0,0,16,32,1,4,0,0,1,15
XLOC_081603,0,0,0,0,0,0,0,1,0,0,0,0,0,0,0,1,0,10
ENSG00000169271,0,1,3,1,11,2,0,0,2,0,0,0,0,0,3,0,1,0
ENSG00000260613,0,9,0,0,4,2,0,14,5,9,0,10,1,8,3,1,6,0
XLOC_134400,1,2,1,2,3,2,1,0,0,0,0,4,2,0,6,0,1,2
XLOC_025346,0,0,1,6,33,12,1,0,5,1,2,2,0,1,19,0,8,5
XLOC_067876,22,78,148,28,74,173,10,8,36,19,121,77,15,9,45,17,99,44
XLOC_109713,0,0,28,1,2,5,0,0,0,1,0,2,0,0,0,0,4,7
XLOC_111721,2,2,6,11,0,1,15,7,3,1,3,4,1,9,3,0,0,24
XLOC_024315,0,0,0,0,0,0,0,0,0,0,0,0,0,0,0,0,0,0
XLOC_080688,0,0,0,0,2,0,0,0,0,0,0,0,0,0,1,0,0,0
XLOC_162092,1,11,56,20,78,36,6,108,20,12,20,8,0,19,8,1,9,49
XLOC_042504,0,0,0,12,1,3,92,8,13,0,5,5,82,21,3,3,15,2
ENSG00000223906,0,0,0,0,0,0,0,0,0,0,0,0,0,0,0,0,0,0
XLOC_155427,0,0,0,1,0,0,1,0,0,0,0,0,1,0,0,0,1,0
XLOC_139587,0,0,0,0,0,0,0,0,0,0,0,0,0,0,0,0,0,0
ENSG00000281472,3,17,4,30,3,6,3,0,0,5,23,4,6,1,9,2,11,9
ENSG00000169313,0,6,7,25,9,15,3,27,5,7,24,1,0,0,2,8,24,24
XLOC_164021,36,142,295,200,178,461,82,42,237,204,249,201,13,181,398,144,308,140
XLOC_057730,0,1,0,1,4,2,1,0,1,1,2,1,0,0,3,0,2,1
XLOC_146600,0,0,0,0,0,0,0,0,0,0,0,0,0,0,0,0,0,0
XLOC_115589,0,0,0,0,0,0,0,0,4,0,0,4,0,0,0,0,3,7
ENSG00000160131,50,82,151,52,379,247,86,134,159,66,168,398,52,80,304,47,262,384
XLOC_126384,0,0,0,0,0,0,0,0,0,0,0,1,0,0,1,0,0,0
XLOC_089487,0,2,1,0,2,3,0,1,1,1,3,1,0,2,3,1,1,0
ENSG00000232900,0,0,11,2,7,3,0,0,0,0,0,0,0,0,0,0,1,0
ENSG00000267360,0,0,3,1,0,1,1,0,0,0,0,0,1,0,0,2,3,0
XLOC_062068,10,0,11,20,2,4,5,1,6,19,4,6,10,14,7,15,7,9
ENSG00000198646,199,513,469,653,705,929,575,342,473,570,497,874,354,366,828,398,623,646
XLOC_087802,0,0,0,0,0,0,0,0,4,0,0,0,0,0,26,0,0,8
ENSG00000261761,0,0,0,0,0,0,0,0,0,0,0,0,0,0,0,0,0,0
ENSG00000129009,82,41,44,77,108,88,210,23,14,41,60,228,21,110,14,20,120,369
ENSG00000246777,0,4,0,0,8,3,1,4,1,3,2,0,0,0,0,0,0,33
XLOC_115967,1,0,11,13,0,3,1,1,1,18,1,1,0,4,0,4,6,0
XLOC_084691,0,0,0,0,0,0,0,1,0,0,0,0,0,0,0,0,0,0
ENSG00000172782,0,0,0,0,0,0,0,1,0,0,0,0,0,0,0,1,0,0
XLOC_003648,485,956,2292,1708,2202,2889,622,1065,2404,1333,3590,2677,319,637,4554,1562,2072,2818
XLOC_027754,0,0,0,1,0,0,0,0,15,0,5,0,1,0,1,2,1,0
ENSG00000251504,0,0,0,0,0,4,0,0,1,0,7,0,0,0,0,0,0,0
XLOC_105262,0,0,10,7,1,8,3,0,12,4,22,5,0,0,13,3,9,0
ENSG00000143194,2,0,0,1,0,0,6,0,0,0,1,0,0,0,0,1,2,0
ENSG00000236046,0,0,0,0,0,0,2,0,0,0,0,0,0,0,0,0,0,0
ENSG00000165186,7,11,21,60,46,92,1476,64,310,18,13,65,1697,64,446,12,16,212
ENSG00000081803,55,203,197,158,345,461,180,124,693,407,531,432,136,72,1089,260,192,313
ENSG00000269713,94,66,115,172,75,163,195,45,126,143,207,181,131,133,147,123,202,104
ENSG00000255193,0,0,2,0,0,0,2,0,0,0,0,0,0,0,0,0,0,0
XLOC_103534,1,4,3,1,5,2,0,1,1,0,7,6,0,0,1,3,10,11
ENSG00000109339,26,118,159,114,256,316,17,60,90,148,274,157,12,91,138,107,90,187
ENSG00000278611,0,1,1,8,13,3,0,0,0,3,0,2,17,0,0,0,9,2
ENSG00000103226,7,2,5,15,16,8,5,5,11,5,8,25,2,7,7,3,10,30
ENSG00000157514,450,517,1500,965,3070,746,502,570,790,1039,2369,384,336,1232,974,366,2322,431
ENSG00000184811,0,0,0,0,0,0,0,1,0,0,0,0,0,0,0,0,0,1
ENSG00000206567,3,0,0,2,12,0,2,1,1,0,1,5,1,0,0,0,0,0
XLOC_033139,1,9,25,3,195,44,2,14,6,1,45,41,1,18,1,2,19,38
XLOC_096555,40,6,35,64,123,121,40,109,119,37,65,165,2,42,41,13,135,191
XLOC_012563,53,154,288,281,385,425,117,641,379,181,564,260,64,54,493,103,554,370
ENSG00000234244,0,0,0,0,0,0,0,0,0,0,0,0,0,0,0,0,0,0
ENSG00000143954,0,0,0,0,0,0,0,0,0,0,0,0,0,0,0,0,0,0
XLOC_152401,0,4,3,0,0,4,0,0,4,2,0,2,0,0,4,0,0,2
ENSG00000259123,0,0,0,0,0,0,0,0,0,0,0,0,0,0,0,0,0,0
XLOC_129669,350,212,1044,1354,1901,796,619,1145,1609,1310,2300,626,669,920,2067,846,2675,1029
XLOC_079230,0,0,2,1,4,4,6,0,13,2,9,4,0,3,17,0,9,2
ENSG00000109606,1929,8263,4176,5163,3221,4410,5563,2004,2489,4586,3670,5646,4104,4446,3300,4244,3863,6313
XLOC_139213,2,1,1,2,1,3,0,33,8,2,0,0,1,0,9,1,0,0
ENSG00000267612,1,0,7,6,9,12,0,0,7,10,13,0,0,0,35,2,9,15
XLOC_153673,0,0,0,0,0,1,0,0,0,0,0,0,0,0,0,0,0,0
XLOC_100641,1,0,15,23,24,38,3,2,32,8,35,42,12,7,53,11,75,57
XLOC_159354,0,0,0,0,0,0,0,0,0,0,0,0,0,0,0,0,0,0
ENSG00000113013,529,1116,795,1084,533,1197,1260,453,572,795,946,1749,807,1143,1081,538,801,1508
ENSG00000197140,0,4,4,0,36,2,0,3,2,2,1,9,0,0,3,2,6,9
ENSG00000173757,188,435,519,336,576,677,251,245,294,244,278,585,154,310,459,114,436,596
XLOC_116930,147,297,263,245,350,355,69,82,132,132,351,150,193,203,336,71,541,291
XLOC_057174,0,0,0,0,0,0,0,0,0,0,0,0,0,0,0,0,0,0
XLOC_133667,0,0,0,0,0,0,0,0,0,0,0,0,0,0,0,0,0,0
XLOC_039475,2,3,9,5,13,9,6,3,11,8,1,17,6,14,11,0,1,6
ENSG00000215269,0,0,0,0,0,0,0,0,0,0,0,0,0,0,0,0,0,0
ENSG00000226479,0,0,0,0,0,0,0,0,0,0,0,0,0,0,0,0,0,0
XLOC_115498,2,57,1,29,1,1,8,0,12,6,8,7,6,10,22,4,0,2
XLOC_147687,0,0,0,0,0,0,0,0,0,0,0,0,0,1,0,0,0,0
XLOC_041675,58,198,402,111,790,299,84,6,241,58,272,195,62,69,280,56,391,250
XLOC_168099,0,0,0,0,0,295,0,0,0,0,0,151,0,0,0,0,0,202
ENSG00000071655,0,2,25,15,8,7,0,1,8,2,17,18,8,25,8,6,0,5
XLOC_010821,0,0,0,0,0,0,0,0,0,0,0,0,0,0,0,0,0,0
XLOC_151138,0,0,1,0,0,0,0,0,0,0,0,0,0,0,0,0,0,0
XLOC_030031,0,0,0,0,1,5,1,0,7,2,0,16,0,3,3,0,8,8
ENSG00000170484,0,0,0,0,1,0,0,0,0,0,0,1,0,0,0,0,1,0
XLOC_041316,0,0,0,0,0,1,0,0,0,0,0,0,0,0,0,0,0,0
XLOC_001802,0,1,1,9,0,4,1,3,0,2,0,6,0,4,0,0,1,4
ENSG00000113141,650,1261,953,1327,1366,1725,606,721,586,835,861,1316,376,1062,939,603,867,1239
ENSG00000170271,207,199,407,288,573,588,69,132,262,64,197,145,32,200,228,31,271,132
ENSG00000090402,0,0,0,0,1,0,0,0,0,0,0,3,0,0,0,0,11,0
ENSG00000264522,545,1124,1033,781,1474,1371,640,519,763,765,1076,907,550,560,986,502,713,1317
XLOC_086621,0,0,0,0,0,0,0,0,3,3,0,0,0,0,1,0,0,0
ENSG00000204361,0,0,1,2,0,1,0,0,0,0,0,10,0,0,1,0,0,12
ENSG00000282218,0,8,0,3,0,13,0,0,8,4,4,10,0,3,17,2,0,6
XLOC_014744,3,1,5,21,32,20,20,0,66,12,18,39,13,9,76,7,98,81
ENSG00000138640,188,239,549,458,405,611,430,413,721,475,1430,449,298,473,883,309,1154,697
ENSG00000150456,28,15,29,31,33,57,44,10,7,35,13,82,42,27,36,8,11,19
ENSG00000267521,0,0,0,0,0,0,0,0,1,0,0,0,0,0,0,0,0,0
XLOC_114210,417,690,1160,1098,1075,845,719,491,642,722,856,571,511,1040,994,452,856,709
ENSG00000169660,1,12,3,9,10,11,7,1,6,9,2,8,2,9,18,9,6,9
XLOC_116775,0,0,0,0,0,3,0,0,7,0,1,5,0,1,2,0,1,5
ENSG00000134243,842,909,1340,911,3225,2474,698,1085,979,668,1744,2083,280,481,1735,378,1016,1868
ENSG00000040531,3,24,57,59,35,103,78,16,63,39,46,61,32,67,52,69,46,55
ENSG00000072864,6,26,16,23,16,49,16,68,10,26,50,28,18,9,44,4,31,68
ENSG00000215113,0,0,0,0,0,0,0,0,0,0,0,0,0,0,0,0,0,0
ENSG00000260123,0,0,0,0,0,1,0,0,1,0,0,2,0,0,0,1,0,1
XLOC_004316,0,0,0,0,0,0,0,0,0,0,0,0,0,0,0,0,0,0
ENSG00000149231,67,179,313,306,601,822,93,99,180,161,241,622,122,88,236,175,240,636
ENSG00000254226,1,0,14,0,0,8,0,0,2,0,2,0,0,0,5,0,4,0
XLOC_030751,6,20,15,46,55,48,3,9,9,9,14,8,16,13,12,3,21,79
XLOC_099453,1,0,5,0,2,0,0,1,0,0,1,0,0,0,0,0,1,0
ENSG00000128052,744,1083,1276,444,1773,1969,293,778,395,253,253,1815,213,59,576,129,219,2877
ENSG00000279813,0,0,0,0,0,0,0,0,0,0,0,0,0,0,0,0,0,0
XLOC_133641,126,11,194,145,326,192,40,151,370,157,336,299,9,133,378,121,573,343
ENSG00000105997,0,3,13,9,4,4,0,0,0,11,3,3,1,0,5,2,4,3
XLOC_133521,0,0,0,1,2,1,0,0,0,0,2,11,0,0,0,0,0,21
XLOC_087984,7,64,61,58,43,42,13,22,10,21,13,25,21,1,44,25,8,38
ENSG00000080822,152,289,539,241,439,783,192,276,250,197,302,604,113,173,444,102,543,735
XLOC_068142,1,12,2,9,24,39,1,32,19,30,19,8,2,5,15,35,11,21
ENSG00000204918,0,0,0,0,0,0,0,0,0,0,0,0,0,0,0,0,0,0
ENSG00000128394,25,4,119,83,35,106,12,1,80,66,41,85,33,26,102,25,97,84
ENSG00000069018,0,0,0,0,0,0,0,0,0,0,0,0,0,0,0,0,0,0
ENSG00000274588,0,17,8,0,7,7,0,0,0,0,0,1,0,0,0,0,2,0
ENSG00000088812,369,106,233,309,710,530,384,137,233,211,663,682,320,287,481,213,512,721
XLOC_122789,0,0,4,0,11,0,0,0,0,0,0,0,0,0,0,4,0,0
ENSG00000274810,3,1,5,1,0,1,3,1,0,5,0,0,0,0,0,0,3,0
ENSG00000162004,0,0,3,5,0,5,1,0,0,0,3,5,0,0,9,0,0,9
XLOC_063489,18,5,32,83,28,19,45,15,34,68,57,62,13,51,70,31,28,28
ENSG00000152092,1,0,1,2,0,3,5,0,0,0,0,0,0,0,5,0,2,1
XLOC_124784,0,0,0,0,0,0,0,0,0,0,0,0,0,0,0,0,0,0
XLOC_027784,84,288,280,116,243,364,60,117,126,67,151,286,79,136,213,25,144,251
ENSG00000265374,0,0,0,0,0,0,0,0,0,0,0,0,0,0,0,0,0,0
XLOC_028642,142,56,328,178,449,345,66,89,238,35,117,199,69,120,339,51,279,275
ENSG00000171956,0,0,1,0,0,0,0,0,0,0,0,0,0,0,0,0,1,0
ENSG00000278868,0,0,0,0,0,0,0,0,0,0,0,0,0,0,0,0,0,0
XLOC_067108,3,58,37,12,5,14,30,16,1,22,11,30,16,5,18,3,9,20
ENSG00000184508,1,43,15,13,23,11,15,2,21,13,8,5,20,11,14,1,7,12
ENSG00000203650,0,0,0,0,2,4,2,0,15,1,21,0,0,0,5,1,9,14
ENSG00000196979,0,0,0,6,0,9,3,0,0,0,0,1,0,1,0,0,0,2
XLOC_035358,0,0,0,0,0,0,0,0,0,0,0,0,0,0,0,0,0,0
XLOC_083036,0,0,23,3,26,33,1,2,13,5,62,14,2,2,47,1,84,63
ENSG00000223880,0,5,0,0,0,0,0,0,0,0,0,0,0,0,0,0,0,0
ENSG00000197044,5,20,56,44,84,133,11,22,37,41,71,102,11,26,85,28,88,86
XLOC_094825,0,0,0,0,0,0,0,0,0,0,0,0,0,0,0,0,0,0
XLOC_036406,0,0,0,0,0,1,0,0,0,0,1,0,0,0,0,0,0,0
ENSG00000072832,146,153,165,267,292,221,220,67,97,211,134,224,164,233,102,122,82,228
XLOC_056590,0,5,10,15,15,16,24,2,12,8,17,37,18,7,47,7,29,52
ENSG00000270457,0,0,0,3,76,1,0,0,0,0,0,0,0,0,0,0,0,0
ENSG00000205923,0,0,0,0,0,0,0,0,0,0,0,0,0,0,0,0,0,0
XLOC_158728,5,5,13,0,18,21,0,0,0,0,2,3,5,1,0,0,1,1
ENSG00000255323,0,0,0,0,0,0,0,0,0,0,0,0,0,0,0,0,0,0
ENSG00000271780,0,0,0,0,0,0,0,0,0,0,0,0,0,0,0,0,0,0
XLOC_096156,0,0,0,0,0,0,0,0,0,0,0,0,0,0,0,0,0,0
ENSG00000164542,3,40,29,16,26,55,37,6,52,52,152,194,23,26,47,39,81,186
ENSG00000121577,19,34,21,82,33,41,1,53,25,14,26,41,10,28,10,2,48,29
ENSG00000279007,0,0,0,0,0,0,0,0,0,0,0,0,0,1,0,0,0,0
XLOC_150369,69,149,414,271,447,304,308,277,287,195,782,487,170,150,248,113,608,843
XLOC_006671,0,3,0,0,0,0,0,0,0,0,0,0,0,0,0,0,0,0
XLOC_147995,11,3,7,29,5,13,15,0,2,34,3,11,2,3,6,22,4,3
ENSG00000272662,0,8,0,0,0,1,0,0,1,4,0,0,0,0,0,15,3,0
ENSG00000254573,0,0,0,0,1,1,0,0,1,0,0,0,0,0,0,0,0,0
ENSG00000160188,195,102,241,582,148,517,74,7,168,122,190,175,0,90,97,9,67,364
XLOC_114737,0,1,4,2,0,5,0,0,3,6,0,0,2,0,3,0,13,1
ENSG00000249924,0,0,0,0,0,0,0,0,0,0,0,0,0,0,0,0,0,0
ENSG00000269993,0,0,0,0,0,0,0,0,0,0,0,0,0,0,1,0,0,0
XLOC_094715,0,0,0,1,0,0,0,0,0,0,0,0,0,0,1,0,0,0
ENSG00000254361,1,0,0,11,0,3,0,0,6,2,1,0,0,3,6,0,0,0
ENSG00000164023,74,868,581,189,425,979,305,533,580,173,1002,2569,413,367,1083,161,396,1318
ENSG00000183283,804,965,1565,773,2805,2250,965,623,1219,672,2161,2334,670,748,1899,680,1926,3150
ENSG00000120029,169,179,350,336,314,516,207,210,236,182,434,469,140,253,378,212,366,346
ENSG00000233502,0,0,0,0,0,0,0,0,0,0,0,0,0,0,0,0,0,0
XLOC_083852,195,83,145,317,236,218,279,50,603,373,134,193,255,405,640,479,176,174
ENSG00000103381,74,137,93,44,99,221,28,110,82,37,116,81,9,61,178,24,48,111
ENSG00000099139,74,304,264,241,315,304,92,80,250,177,287,321,22,156,204,115,45,365
XLOC_076358,283,1031,1117,465,1018,1144,507,1042,670,407,728,1117,470,453,856,314,1186,815
ENSG00000261097,0,0,0,2,0,1,0,0,0,0,0,0,0,0,0,0,0,0
ENSG00000134262,25,36,147,119,114,202,84,109,120,66,126,174,14,103,109,43,112,183
ENSG00000130589,4,6,23,2,7,13,5,18,10,5,37,28,3,11,19,2,28,13
XLOC_062540,38,41,77,77,56,193,138,144,210,87,66,92,63,113,367,109,142,135
XLOC_000866,37,5,6,1,0,11,5,75,9,5,0,5,0,2,4,0,8,2
ENSG00000118482,2554,2308,3205,3664,3689,6357,2536,1440,3234,3167,2913,3707,1741,2847,4616,2370,3180,3934
XLOC_160837,21,42,36,101,59,114,187,35,169,100,270,67,88,74,178,35,165,59
ENSG00000082482,0,0,3,0,2,1,0,0,0,0,0,24,0,0,0,0,0,0
ENSG00000272855,0,0,0,6,0,4,0,0,0,0,0,0,0,0,3,0,0,0
XLOC_130267,0,0,0,0,0,3,1,0,1,0,1,0,0,0,1,0,0,2
ENSG00000111344,0,0,0,0,3,8,0,0,10,3,19,15,0,4,38,6,13,10
XLOC_096617,0,0,0,0,2,1,0,0,1,0,0,0,1,0,0,0,2,0
ENSG00000140987,0,1,14,8,4,8,0,0,12,5,7,20,2,19,14,4,4,16
XLOC_088073,0,0,0,0,1,0,0,0,0,0,4,1,0,0,0,0,613,1
ENSG00000143924,189,495,363,644,490,1259,331,396,611,575,1061,2971,228,448,1253,423,1241,1778
ENSG00000075711,351,848,1356,927,1816,2000,703,677,1043,683,1352,2197,396,798,1619,540,1514,2202
XLOC_111010,24,73,47,142,49,214,52,66,104,117,218,269,37,49,109,47,203,117
ENSG00000132591,25,1,1,4,6,10,27,1,4,7,3,3,3,11,28,6,4,20
ENSG00000111046,0,0,0,0,0,0,0,0,0,0,0,0,0,0,0,0,0,1
ENSG00000144476,6,32,30,18,12,76,7,36,54,34,20,51,2,4,60,23,10,48
XLOC_028214,267,27,214,18,41,2,32,41,11,18,25,1,6,1,2,5,1,0
ENSG00000156642,166,202,330,208,312,404,184,219,121,101,249,532,96,107,214,84,257,407
ENSG00000090659,134,8,67,227,27,152,248,5,64,110,72,712,109,27,131,290,86,269
ENSG00000282692,0,0,0,0,0,0,0,0,0,0,0,0,0,0,0,0,0,0
ENSG00000253117,0,0,0,0,0,0,0,0,0,0,0,0,0,0,0,0,0,0
ENSG00000167524,40,14,66,99,112,115,68,92,116,60,148,144,16,86,151,77,182,179
ENSG00000250993,0,0,0,0,0,0,0,0,0,0,0,0,0,0,0,0,0,0
XLOC_012096,136,10,36,51,100,131,42,99,31,25,33,64,62,16,40,27,71,72
XLOC_137393,7,6,31,16,1,6,12,13,2,4,2,1,0,3,4,1,5,6
XLOC_096665,132,498,305,214,315,698,185,688,168,150,258,866,172,204,184,70,400,575
ENSG00000043355,0,0,4,0,0,0,0,0,2,0,18,15,0,0,9,0,10,32
ENSG00000235631,6,46,45,34,10,65,20,22,94,100,41,49,27,28,156,41,17,2
XLOC_060695,198,303,538,651,707,1089,189,488,251,324,387,763,85,150,246,289,970,573
ENSG00000198692,0,0,0,0,0,142,0,0,0,0,0,136,0,0,0,0,0,79
ENSG00000005889,195,339,636,560,668,802,409,411,614,422,730,873,252,429,1038,273,780,786
ENSG00000274226,0,0,0,0,0,0,0,1,1,0,0,1,0,0,2,0,0,0
ENSG00000128482,0,7,13,7,11,9,3,0,0,2,0,1,0,1,5,0,0,0
ENSG00000122679,52,84,81,35,190,249,7,68,11,5,18,79,6,14,9,3,8,11
ENSG00000259865,0,0,0,0,0,0,0,0,0,0,0,0,0,0,0,0,0,0
ENSG00000168685,900,1660,4071,986,5452,3086,284,457,1553,355,1470,2542,228,537,2517,185,3388,2893
XLOC_159107,84,207,1,308,6,3,7,2,3,8,10,1,5,133,3,5,5,5
XLOC_004298,2,4,1,0,0,15,0,66,5,0,0,1,2,0,9,2,0,2
XLOC_165255,0,0,0,0,0,0,0,0,0,0,0,0,0,0,0,0,0,0
ENSG00000174943,62,7,22,136,45,92,36,26,77,122,66,92,25,75,115,32,68,136
XLOC_075509,3,2,39,51,52,56,7,0,39,37,36,41,2,7,36,27,50,69
XLOC_055975,2,0,3,54,51,64,3,0,0,11,10,7,12,6,1,2,59,10
ENSG00000174946,0,2,4,29,16,31,1,6,15,15,25,11,2,0,35,8,41,36
ENSG00000137251,0,0,0,0,0,0,0,0,0,0,0,0,0,0,0,0,0,0
XLOC_143899,0,0,1,0,0,0,0,0,1,0,0,0,0,0,0,0,2,0
ENSG00000112406,82,156,449,150,841,577,96,197,254,65,273,435,66,40,466,46,463,474
XLOC_102582,4,5,35,6,22,55,8,46,15,15,21,21,4,6,7,1,16,28
XLOC_161270,5,19,25,1,11,18,10,20,11,3,87,57,7,19,29,17,37,63
XLOC_043560,0,0,3,2,0,9,4,0,0,2,0,0,0,0,4,0,1,0
ENSG00000108433,11,12,44,87,36,59,20,40,70,60,47,59,17,46,45,27,81,70
XLOC_097958,0,0,0,0,0,0,0,0,0,0,0,0,0,0,0,0,0,0
ENSG00000063244,28,31,67,122,62,43,19,27,31,51,26,90,7,47,30,12,24,44
XLOC_154432,53,109,274,267,223,499,127,136,237,212,327,299,142,86,447,191,501,374
ENSG00000185504,4,12,6,9,7,31,4,9,23,7,8,34,2,38,6,6,18,33
ENSG00000166704,29,24,95,78,213,197,38,50,175,74,101,280,25,33,277,31,133,253
ENSG00000138018,67,73,312,105,356,382,204,94,295,124,437,977,130,106,401,87,587,574
ENSG00000259245,0,0,0,0,0,0,0,0,0,0,0,0,0,0,13,0,0,0
ENSG00000242259,19,32,85,54,115,146,37,8,86,36,75,153,12,55,134,24,137,118
ENSG00000257504,0,0,0,0,0,0,0,0,0,0,0,0,0,0,0,0,0,0
ENSG00000230944,0,0,36,0,0,1,1,0,0,1,0,0,0,0,3,0,0,0
ENSG00000101160,323,133,255,723,193,531,458,196,207,574,223,346,220,363,453,251,354,542
ENSG00000157388,201,679,742,530,1274,1321,276,539,449,515,952,540,125,226,667,360,249,562
ENSG00000255362,0,0,0,0,0,2,0,0,0,0,0,1,0,0,0,0,0,0
ENSG00000258610,0,0,0,0,0,0,0,0,0,0,0,0,0,0,0,0,0,0
ENSG00000118894,1,0,1,1,1,0,6,0,4,2,0,0,4,4,9,5,1,2
ENSG00000205809,0,0,2,1,7,8,2,0,0,1,1,1,0,0,1,1,5,0
XLOC_037653,0,0,0,0,0,0,0,0,0,0,0,0,0,0,0,0,0,0
XLOC_004509,0,4,14,7,7,13,0,1,6,4,7,17,0,1,6,1,6,22
XLOC_012702,0,0,1,0,0,0,0,0,0,0,0,1,0,0,0,0,1,3
ENSG00000112977,42,86,94,61,218,103,360,35,199,92,203,276,179,104,321,68,111,263
ENSG00000226764,0,0,0,0,0,0,0,0,0,0,0,0,0,0,0,0,0,0
ENSG00000271040,0,0,0,0,0,0,0,0,0,0,0,0,0,0,0,0,0,0
ENSG00000239697,6,23,29,18,17,30,5,21,12,9,3,16,0,6,18,3,9,9
ENSG00000173218,26,32,64,99,190,128,67,78,102,69,103,137,67,52,146,30,147,152
XLOC_150681,55,57,166,69,157,176,173,105,80,98,312,318,119,133,272,147,206,484
ENSG00000131732,42,111,263,167,210,354,114,50,196,172,223,245,47,96,249,124,261,410
ENSG00000116212,0,42,70,23,110,127,21,85,57,19,67,168,18,5,94,11,77,152
XLOC_040369,0,0,2,1,5,53,0,0,19,0,0,0,0,0,27,0,0,0
XLOC_125394,10,79,96,59,222,238,39,34,100,30,198,197,15,31,176,24,204,145
ENSG00000144445,76,162,239,185,382,494,121,318,205,126,303,302,69,79,311,116,182,247
XLOC_141107,22,35,134,33,197,187,76,58,108,49,119,105,40,22,226,38,236,73
ENSG00000141384,0,53,43,28,30,46,13,20,28,18,30,73,26,14,54,19,48,64
ENSG00000153253,4,0,3,5,8,22,4,2,0,0,11,8,80,0,7,0,19,20
ENSG00000175787,4,4,14,38,66,55,16,17,51,20,33,45,8,10,67,19,75,27
ENSG00000092978,128,293,326,422,503,843,365,206,328,392,696,817,384,417,538,266,594,793
XLOC_088097,1,5,6,9,0,0,0,1,0,0,1,0,0,0,11,0,2,1
ENSG00000108984,8,10,19,41,103,59,28,5,59,6,39,10,4,11,59,6,55,28
ENSG00000274183,0,0,0,0,0,0,0,0,0,0,0,0,0,0,0,0,0,0
ENSG00000232643,0,0,0,0,0,0,0,0,0,0,0,0,0,0,0,0,0,0
ENSG00000237896,0,0,0,0,0,0,0,0,0,0,0,0,0,0,0,0,0,0
XLOC_054393,1,7,0,7,0,5,3,0,3,0,0,11,0,2,7,0,0,1
XLOC_157614,10,353,166,82,141,100,137,4,46,78,101,283,97,73,33,84,157,156
XLOC_083840,148,155,423,356,323,288,136,577,141,218,139,194,101,221,175,88,83,219
ENSG00000180697,0,0,0,0,0,0,0,0,0,0,0,0,0,0,0,0,0,0
ENSG00000164626,29,16,33,21,9,33,40,57,102,49,16,95,20,86,166,11,14,28
XLOC_022938,215,98,193,97,210,190,192,119,33,41,132,81,59,104,62,36,55,113
ENSG00000171757,7,20,16,6,15,42,3,4,11,3,14,20,0,0,14,3,22,46
ENSG00000185664,0,0,1,43,3,17,7,2,14,3,4,33,1,8,26,6,26,35
ENSG00000066422,78,220,310,188,371,473,90,105,239,242,317,533,57,103,320,162,379,541
ENSG00000145626,0,0,0,0,0,4,11,0,0,0,0,1,0,0,0,0,3,0
XLOC_100008,1,0,0,2,0,0,0,0,0,4,0,0,0,1,0,0,0,0
ENSG00000125676,678,988,1167,1467,1591,2584,656,893,1544,2831,2058,2383,608,1686,1926,2612,1641,2380
XLOC_099086,24,66,60,55,83,47,72,10,21,17,59,50,37,54,64,15,27,87
XLOC_043450,0,0,0,0,0,0,0,0,0,0,0,0,0,0,0,0,0,0
ENSG00000149972,3,0,1,1,3,14,0,0,0,0,0,2,0,1,7,0,7,1
ENSG00000279440,4,0,2,2,0,5,6,0,1,6,0,11,1,0,0,9,13,1
XLOC_013137,0,0,0,0,0,0,0,0,0,0,0,0,0,0,0,0,0,0
ENSG00000086504,2,1,4,3,0,1,1,1,1,2,1,9,1,0,14,2,3,1
ENSG00000254647,0,0,0,0,0,0,0,0,0,0,0,0,0,0,0,0,0,0
ENSG00000163982,0,0,0,0,0,0,0,0,0,0,0,0,0,0,0,0,0,0
ENSG00000254979,0,0,0,0,0,0,0,0,0,0,0,0,0,0,0,0,0,0
XLOC_134100,5,28,21,25,52,23,24,33,5,13,67,14,3,9,9,14,15,43
XLOC_129577,477,779,837,757,598,937,1379,658,1827,836,1899,1178,966,2073,2158,637,1103,935
ENSG00000102858,59,63,157,120,109,210,130,167,287,106,211,324,74,284,355,83,152,187
XLOC_080615,45,16,76,37,153,99,75,64,300,297,187,573,54,201,410,278,89,381
ENSG00000279928,0,1,0,1,0,0,0,1,0,0,1,0,1,0,0,0,1,0
ENSG00000094880,33,85,59,98,99,133,41,23,87,67,136,167,53,54,123,25,140,195
ENSG00000279750,0,0,0,0,0,0,0,0,0,0,0,0,0,0,0,0,0,0
ENSG00000104435,0,5,0,0,0,3,10,0,9,2,0,0,1,6,8,0,0,4
XLOC_084651,0,0,0,0,0,0,1,0,0,0,0,0,0,0,0,0,0,0
ENSG00000232859,20,12,113,15,63,119,50,0,64,43,135,85,33,70,139,17,106,38
ENSG00000249317,0,0,0,0,0,0,2,0,0,0,0,0,0,0,0,1,0,0
XLOC_054557,5,31,34,21,14,15,7,2,24,5,18,17,7,16,53,3,9,8
ENSG00000260507,0,5,2,0,0,0,0,0,0,0,0,0,0,0,0,0,0,0
ENSG00000258410,0,0,0,0,0,0,0,0,0,0,1,0,0,0,0,1,0,0
XLOC_063254,0,0,0,0,1,1,0,0,1,0,0,0,0,1,0,0,7,5
XLOC_126917,70,113,115,278,197,231,281,95,173,187,108,156,131,185,197,77,101,137
ENSG00000236938,0,0,0,0,3,0,0,0,0,0,0,0,0,0,0,0,0,0
ENSG00000100804,64,39,164,60,224,161,242,101,111,64,136,348,144,23,172,37,222,407
ENSG00000124486,535,1551,2325,1432,2190,2910,1250,1200,1503,1340,2836,3266,639,1202,2495,829,2713,3650
ENSG00000155760,0,1,1,0,0,0,0,0,0,0,0,0,0,0,1,0,0,0
ENSG00000133488,7,2,7,5,4,17,33,2,20,47,9,1,10,7,34,4,7,8
XLOC_121864,1,4,13,1,11,9,2,0,4,3,8,41,0,1,0,2,30,4
ENSG00000278939,7,2,11,2,1,1,6,1,0,0,12,5,2,3,1,0,3,8
ENSG00000121570,0,0,0,0,0,10,0,0,0,0,18,3,0,0,0,0,2,57
ENSG00000137200,106,125,144,234,145,211,139,72,153,156,259,228,136,169,181,63,194,234
ENSG00000278996,0,0,316,0,0,0,0,0,0,1,0,0,0,0,0,0,0,0
ENSG00000159259,0,1,14,4,17,22,20,0,11,7,34,34,4,30,19,0,28,29
XLOC_058520,13,10,62,67,63,69,17,50,10,13,51,88,5,41,17,8,38,74
XLOC_125794,0,2,0,9,1,1,0,1,6,0,3,1,0,0,8,0,1,3
ENSG00000180447,16,54,85,22,75,110,5,120,31,16,19,106,2,26,50,5,45,125
XLOC_021362,129,233,426,327,780,386,189,401,184,209,423,352,247,139,225,104,422,237
ENSG00000137842,44,45,113,64,156,260,54,115,157,104,162,316,29,62,281,79,215,279
ENSG00000155252,19,37,93,60,119,110,74,95,56,55,68,93,17,39,51,61,67,170
XLOC_046782,8,147,31,14,32,42,10,105,17,15,23,39,32,20,27,4,25,41
ENSG00000124092,0,0,0,0,1,2,4,0,0,0,0,0,0,0,0,0,0,0
ENSG00000144820,0,0,0,0,0,0,0,0,0,0,0,0,0,0,0,0,0,0
ENSG00000198478,251,387,301,381,777,651,677,295,509,377,670,636,467,534,694,322,523,741
XLOC_116532,0,0,0,0,0,0,0,0,0,0,0,0,0,0,0,0,0,0
XLOC_040092,47,135,88,132,45,172,43,55,48,78,75,114,13,64,99,45,89,177
ENSG00000185115,0,0,0,0,0,0,0,0,0,0,0,0,0,0,0,0,0,0
ENSG00000177596,0,0,0,0,0,0,0,0,0,0,0,0,0,0,0,0,0,7
XLOC_068222,5,1,0,3,2,0,0,0,3,1,5,0,3,0,1,2,1,6
XLOC_053612,178,618,414,263,474,187,214,462,196,259,501,546,103,258,268,139,626,396
XLOC_062564,0,0,0,0,0,0,0,0,0,0,0,0,0,0,0,0,0,0
ENSG00000261794,0,0,5,5,0,1,0,6,0,3,0,3,0,2,12,1,8,2
XLOC_026924,0,0,0,0,0,2,0,1,0,0,0,11,0,0,0,0,0,8
XLOC_134437,0,0,1,0,0,1,4,0,0,0,0,0,0,0,0,0,0,5
XLOC_026780,0,0,2,5,0,8,1,0,0,4,0,9,0,0,3,0,0,12
XLOC_140160,100,269,549,181,618,729,55,124,106,97,241,439,22,39,132,79,188,838
XLOC_158173,0,0,1,1,0,4,0,0,0,3,0,0,2,0,9,0,0,3
ENSG00000261673,0,0,0,4,5,1,5,0,0,0,2,0,2,1,0,0,4,1
ENSG00000164241,64,40,124,368,228,318,143,153,429,307,201,248,118,143,854,302,261,306
XLOC_069291,0,0,18,21,37,56,25,0,19,32,30,20,15,2,17,18,20,27
ENSG00000267268,0,0,0,0,0,0,0,0,0,0,0,0,0,0,0,0,0,0
XLOC_016483,5,41,49,28,52,28,23,8,33,4,35,113,14,5,49,28,58,42
ENSG00000243694,0,0,0,0,0,0,0,0,0,0,0,1,0,0,0,0,0,0
XLOC_111563,0,0,0,0,0,0,0,0,0,0,0,0,0,0,0,0,0,0
ENSG00000251584,6,6,6,0,2,9,0,0,0,2,3,0,1,1,9,0,0,0
XLOC_096273,0,0,0,0,0,0,0,0,0,0,0,0,0,0,0,0,0,0
ENSG00000140474,25,14,65,26,27,46,19,15,26,24,52,62,13,37,45,21,44,83
ENSG00000242190,0,0,0,1,0,1,0,0,0,0,0,0,0,2,0,0,5,0
ENSG00000186113,0,0,0,0,0,0,0,0,0,0,0,0,0,0,0,0,0,0
XLOC_075111,0,0,2,2,3,15,0,0,2,2,0,3,0,0,9,0,11,5
ENSG00000163870,4,0,3,9,8,4,3,0,3,3,10,10,1,19,11,1,12,3
XLOC_067180,1,0,1,28,0,0,0,0,4,0,1,0,1,0,2,0,0,1
ENSG00000232225,0,0,0,0,0,0,0,0,0,0,0,0,0,0,0,0,0,0
ENSG00000129170,0,0,0,3,0,2,2,0,12,0,0,1,0,0,0,0,0,0
ENSG00000235933,0,0,0,0,0,0,0,0,0,3,0,0,0,0,0,0,0,0
ENSG00000269533,0,0,0,0,0,0,0,0,0,0,0,0,0,0,0,0,0,0
ENSG00000101951,0,0,0,0,0,0,0,0,0,0,0,0,0,0,0,0,0,0
XLOC_033360,0,0,5,7,3,4,1,0,12,3,16,7,1,5,2,0,33,30
ENSG00000258280,0,0,0,0,7,0,0,0,0,0,0,0,0,0,0,0,0,0
ENSG00000100359,30,23,23,35,21,50,43,76,36,20,35,56,16,53,41,18,40,48
ENSG00000276251,0,0,0,0,0,0,0,0,0,0,1,0,0,0,0,0,0,0
ENSG00000145331,9,6,23,9,103,103,32,3,19,26,84,103,18,1,41,7,67,97
ENSG00000164180,49,18,90,76,105,186,25,89,113,57,178,130,34,40,221,35,105,132
XLOC_030251,0,11,13,19,21,37,30,20,10,6,41,25,12,10,31,0,30,62
ENSG00000088320,1,0,3,4,5,16,10,1,0,0,3,0,0,7,3,4,4,2
ENSG00000205364,1,126,70,6,89,6,1,4,1,1,8,18,0,1,1,0,2,4
ENSG00000282975,0,0,0,1,0,0,0,0,0,0,0,0,0,0,0,0,0,0
ENSG00000126861,10,39,69,35,72,111,27,17,92,30,85,129,26,15,82,15,133,141
ENSG00000281383,536,583,264,451,281,379,501,503,192,337,199,1404,230,704,389,208,317,377
ENSG00000230990,0,0,0,0,0,0,0,0,0,0,0,0,0,0,0,0,1,0
ENSG00000248323,0,0,0,0,0,0,0,0,0,0,0,0,0,0,0,0,0,0
ENSG00000146833,93,48,219,248,343,408,106,124,196,223,187,440,53,141,344,127,361,347
ENSG00000105197,13,14,13,41,14,26,131,10,13,32,38,72,35,74,94,22,27,53
ENSG00000234503,0,0,0,0,0,0,0,0,0,0,0,0,0,0,3,0,0,0
XLOC_112821,50,76,159,119,246,377,28,155,123,29,66,245,30,81,267,23,238,157
XLOC_114183,111,157,227,151,322,240,257,290,226,98,205,192,167,168,211,116,227,196
ENSG00000140939,16,16,44,32,10,27,37,41,18,42,21,8,37,139,20,13,19,25
ENSG00000269881,0,0,0,0,1,0,0,0,0,0,0,0,0,0,0,0,0,0
ENSG00000175315,1,1,4,3,0,1,0,0,0,0,1,5,0,0,1,0,0,3
ENSG00000175449,0,1,0,30,9,13,3,0,34,15,31,8,1,6,29,10,33,14
ENSG00000257787,0,0,0,0,0,0,0,0,0,0,0,0,0,0,0,0,0,0
XLOC_144383,68,31,212,152,166,144,45,77,376,190,219,117,57,118,642,101,146,131
ENSG00000131143,45,41,85,89,136,216,141,83,42,63,73,221,101,132,65,32,118,161
ENSG00000159650,0,0,0,0,0,1,0,0,0,0,0,0,0,0,1,0,0,12
ENSG00000125571,0,0,0,5,0,9,0,0,3,13,16,1,0,2,8,41,4,5
ENSG00000123560,0,3,30,4,7,22,1,5,7,8,34,2,0,88,0,0,6,1
XLOC_159374,0,0,0,0,0,1,0,0,0,0,0,0,0,0,0,0,1,0
ENSG00000116771,1,0,0,1,0,1,1,0,4,0,1,2,6,0,9,0,4,8
XLOC_094604,7,23,16,43,56,61,4,8,40,35,57,48,11,7,90,5,190,96
ENSG00000101098,0,1,1,3,1,1,0,0,0,1,0,4,0,4,1,0,0,1
XLOC_042923,0,0,1,1,0,0,2,0,0,2,4,1,0,3,6,0,19,104
ENSG00000120289,0,0,0,0,0,0,0,0,0,0,0,0,0,0,0,0,0,0
ENSG00000164972,0,16,15,1,3,17,0,0,1,0,0,23,0,4,6,2,0,6
ENSG00000155893,36,75,164,80,169,130,36,82,138,77,119,175,24,55,235,36,280,170
XLOC_113314,7,0,7,0,0,13,0,0,13,3,0,3,0,0,0,0,11,30
ENSG00000188706,162,1064,508,193,334,365,1174,201,231,1185,1129,1310,940,781,395,1159,743,960
ENSG00000126070,296,526,1257,563,1442,1526,325,593,1469,414,1528,1985,234,457,1632,269,1188,1641
XLOC_149770,0,4,0,0,19,15,0,1,1,0,3,1,0,0,8,0,7,5
ENSG00000203909,0,0,0,0,0,0,0,0,0,0,0,0,0,0,0,0,0,0
XLOC_079978,4,10,17,40,33,47,2,22,12,4,56,40,2,3,26,5,119,21
XLOC_026159,0,0,0,0,0,0,0,0,0,2,0,0,0,0,0,0,0,0
XLOC_090657,6,6,101,29,62,43,31,114,18,18,33,39,16,53,5,0,49,30
XLOC_139016,1,0,0,0,11,2,2,0,0,0,4,9,0,0,0,0,1,1
ENSG00000258717,0,0,0,0,0,0,0,0,0,0,0,0,0,0,0,0,0,0
ENSG00000167468,23,21,34,29,29,59,19,107,63,38,80,72,10,35,125,9,47,39
ENSG00000223956,0,0,0,0,0,0,0,0,0,0,0,0,0,0,0,0,0,0
ENSG00000256980,0,0,0,0,0,0,0,0,0,0,0,1,0,0,0,0,0,0
ENSG00000279442,0,0,0,0,0,0,0,0,1,0,0,2,0,0,4,0,0,5
ENSG00000187815,10,3,30,61,42,84,15,2,66,30,102,76,17,57,87,17,92,60
ENSG00000223881,0,0,0,0,0,0,0,0,0,0,0,0,0,0,0,0,0,0
XLOC_087481,11,37,59,7,68,29,6,82,19,5,45,35,10,37,25,7,13,26
XLOC_114856,3,69,94,58,56,24,2,4,28,37,17,8,8,77,38,7,27,19
XLOC_125627,8,1,7,12,9,13,1,1,8,7,10,6,4,8,11,1,9,9
ENSG00000178947,0,0,0,0,0,0,0,0,0,0,0,0,0,0,0,0,0,0
ENSG00000139865,4,3,37,42,39,104,32,0,231,50,52,71,47,42,426,10,109,62
XLOC_078288,37,132,132,86,266,223,40,37,80,79,202,219,40,35,167,45,248,268
XLOC_049575,18,59,67,76,21,43,27,57,23,43,20,109,12,42,41,24,26,54
XLOC_063970,1,0,0,0,0,0,0,0,1,0,0,0,0,0,0,0,0,0
ENSG00000102908,2871,4460,4211,3564,6610,5636,3570,3109,3060,2640,4332,5900,2902,3785,4710,2135,4829,6879
ENSG00000280441,0,0,0,0,0,0,0,0,0,0,0,0,0,0,0,0,0,0
XLOC_165638,2,0,1,14,3,19,2,0,10,4,8,38,5,0,35,17,24,12
ENSG00000141994,1,9,4,7,7,8,1,3,10,2,6,32,5,10,9,0,10,8
XLOC_039944,9,25,35,12,42,20,2,2,15,3,17,9,2,2,0,1,33,28
XLOC_096623,14,11,78,20,139,123,6,23,10,3,22,33,4,5,23,3,63,37
ENSG00000226159,1,0,1,0,0,0,0,2,3,6,3,2,0,0,1,4,3,8
ENSG00000102245,47,9,52,100,37,118,1,37,47,51,38,30,10,73,46,6,56,61
XLOC_046548,0,0,0,0,4,1,1,1,0,0,0,1,0,0,1,0,0,5
ENSG00000147649,356,563,741,541,1231,1695,768,423,513,573,996,1648,541,422,919,445,1067,2126
XLOC_124016,9,21,96,9,66,54,59,37,31,1,38,160,32,12,99,4,15,100
XLOC_135831,6,31,33,3,1,44,7,259,20,16,33,162,1,7,65,14,70,150
ENSG00000154556,93,240,176,370,377,488,617,195,237,293,749,231,550,376,276,79,360,359
ENSG00000247810,0,0,0,0,0,0,0,0,0,0,0,0,0,0,0,0,0,0
ENSG00000238198,5,0,2,2,8,2,1,0,4,0,6,1,0,0,2,0,0,3
XLOC_039700,29,15,5,48,39,70,46,36,17,51,51,141,111,80,57,87,86,61
ENSG00000109113,22,76,47,88,39,73,115,30,58,142,52,127,146,43,138,117,43,119
ENSG00000165113,27,51,156,16,115,197,24,44,69,21,34,111,33,10,148,7,130,57
ENSG00000163736,1,6,16,0,5,21,0,12,1,0,0,2,0,0,0,0,0,0
ENSG00000212907,0,0,0,0,0,0,0,0,0,0,0,0,0,0,0,0,0,0
XLOC_143035,20,25,6,20,78,63,30,33,22,9,23,150,18,15,102,26,9,472
XLOC_066748,4,10,70,28,203,165,21,32,84,16,138,155,23,9,209,4,140,227
ENSG00000138798,1,4,15,10,5,12,38,27,23,4,93,34,31,43,38,1,2,21
XLOC_045876,0,0,0,0,0,0,0,0,0,0,0,0,0,0,0,0,0,0
XLOC_022916,0,0,0,0,0,0,0,0,0,0,0,0,0,0,0,0,0,0
ENSG00000258082,5,5,4,19,4,9,18,1,1,7,2,25,5,6,1,7,1,7
XLOC_113474,2,0,1,11,0,6,3,0,13,5,7,0,0,5,11,5,29,1
ENSG00000229537,0,0,0,0,0,0,0,0,0,0,0,0,0,0,0,0,0,0
ENSG00000041357,97,75,177,222,186,428,278,196,172,164,271,541,273,153,255,122,306,374
ENSG00000204520,11,2,8,0,14,35,1,0,14,0,28,26,0,1,21,0,19,21
ENSG00000119283,0,3,13,12,18,2,4,1,11,4,0,7,0,1,6,8,25,2
ENSG00000188993,0,0,6,1,0,2,1,0,0,0,1,0,0,0,0,0,6,1
XLOC_060884,47,26,78,183,47,45,38,85,121,96,115,145,62,145,189,38,179,33
ENSG00000260457,0,0,0,0,0,0,0,0,0,0,0,0,0,0,0,0,0,0
ENSG00000169255,47,69,170,50,508,195,3,135,7,31,64,76,9,0,14,18,32,134
ENSG00000187527,1,31,1,20,5,11,0,32,59,3,45,7,1,39,58,1,13,33
XLOC_014081,55,78,230,488,401,167,87,145,143,259,223,174,55,95,373,175,634,216
XLOC_152833,13,108,146,62,11,65,21,70,9,59,95,53,10,20,15,0,52,23
ENSG00000226813,0,0,0,0,5,0,0,0,0,0,0,0,0,0,0,0,0,0
ENSG00000214700,2,3,0,2,3,11,0,25,4,0,9,4,5,10,4,0,1,2
ENSG00000171105,138,334,476,411,420,642,391,242,507,305,607,614,152,247,949,200,425,563
ENSG00000214039,0,0,0,1,0,0,0,0,0,0,0,0,0,0,0,0,0,0
ENSG00000012048,10,31,38,74,62,128,23,65,34,44,66,62,6,9,48,19,89,68
XLOC_048552,23,53,208,52,89,116,3,158,46,26,128,159,0,34,105,23,79,40
ENSG00000236799,0,0,0,0,0,0,0,0,0,0,0,1,0,0,2,0,0,0
XLOC_083172,0,0,0,2,0,0,0,0,0,0,0,0,0,0,0,0,0,0
XLOC_136283,0,5,4,0,0,5,1,0,3,0,6,2,0,2,10,0,1,7
ENSG00000273145,0,0,0,0,0,0,0,0,0,0,0,0,0,0,0,0,0,0
XLOC_150911,1,4,4,4,5,12,4,2,2,7,20,3,0,0,3,2,3,11
XLOC_022370,8,46,17,2,23,17,42,7,20,24,34,44,18,13,5,19,20,17
XLOC_159755,0,0,0,0,0,2,0,0,0,0,0,0,0,0,0,0,0,0
XLOC_168451,0,0,0,0,0,0,0,0,0,0,0,0,0,0,0,0,0,0
XLOC_157445,9,0,10,28,20,22,25,15,17,13,94,47,9,1,12,9,75,64
ENSG00000214013,205,312,542,712,252,895,211,297,1178,633,539,789,196,452,1819,483,331,479
ENSG00000250193,0,0,0,0,0,0,0,0,0,0,0,0,0,0,0,0,0,0
ENSG00000110200,3,2,6,15,0,12,4,0,3,5,19,6,0,2,1,0,10,16
ENSG00000170604,10,4,5,5,9,3,6,23,2,6,3,9,4,1,6,2,6,8
ENSG00000255327,0,0,0,0,0,0,0,0,0,0,0,0,0,0,0,0,0,0
ENSG00000270164,0,0,0,0,0,0,0,0,0,0,0,0,0,0,0,0,0,0
XLOC_116768,62,41,139,65,143,88,77,40,63,20,91,110,28,50,51,19,64,145
ENSG00000172348,59,129,211,109,197,198,266,105,113,78,295,305,65,199,119,21,100,290
XLOC_047461,42,205,57,49,45,64,41,10,24,37,71,124,40,68,19,30,114,143
ENSG00000137672,93,206,532,227,458,681,104,217,235,81,621,132,89,53,520,37,1173,146
ENSG00000258504,0,0,0,0,0,0,0,0,0,0,0,0,0,0,0,0,0,0
ENSG00000267397,0,32,26,7,1,33,2,6,1,16,0,5,0,5,3,0,6,17
ENSG00000130943,0,19,14,28,55,45,23,0,31,9,15,40,4,10,4,23,5,1
ENSG00000145362,106,531,386,303,312,634,151,316,70,118,161,859,143,119,215,47,343,1115
ENSG00000251216,0,0,0,0,0,0,0,0,0,0,0,0,0,0,0,0,0,0
ENSG00000181625,0,0,1,0,0,1,0,0,0,0,0,0,0,0,0,0,0,0
ENSG00000271320,0,0,4,4,0,5,0,0,3,0,0,0,0,0,0,1,0,0
ENSG00000044574,756,904,1343,1204,1378,1971,3896,791,2801,2121,3221,4926,3508,1826,4946,1454,3213,4550
XLOC_097904,73,34,244,324,344,362,74,60,460,245,364,240,56,164,457,262,644,181
ENSG00000276972,0,0,0,0,0,0,0,0,0,0,0,0,0,0,0,0,0,0
XLOC_139564,0,0,0,0,0,0,0,0,0,0,0,0,0,0,0,0,0,0
ENSG00000183024,0,0,0,0,0,0,0,0,0,0,1,0,0,0,0,0,0,0
XLOC_023724,0,31,142,57,59,132,19,50,90,52,58,71,14,16,75,43,122,43
ENSG00000231024,1,0,3,2,15,3,3,0,0,0,0,0,0,0,20,1,0,0
XLOC_084769,1,0,0,0,0,0,0,0,0,0,0,0,0,0,0,0,0,0
ENSG00000145868,56,165,269,232,284,514,89,148,333,197,373,653,41,107,414,133,331,501
XLOC_070080,23,16,25,27,43,22,24,13,14,13,5,16,46,25,32,11,30,35
XLOC_063037,25,2,2,2,3,14,12,0,1,2,4,7,1,2,0,0,2,5
XLOC_131430,0,0,0,0,0,0,0,0,0,0,0,0,0,0,0,0,0,0
XLOC_037255,3,6,6,13,5,26,13,3,5,7,10,11,8,4,11,1,14,14
ENSG00000112238,0,0,0,0,0,0,0,0,0,0,0,0,0,0,0,0,0,0
XLOC_087151,1,3,1,6,0,21,0,3,0,3,2,1,0,0,0,0,5,1
ENSG00000132677,0,0,0,0,0,0,0,0,0,0,1,0,0,0,0,0,7,0
ENSG00000042317,15,39,85,29,125,162,14,17,24,28,54,65,27,11,66,10,41,86
XLOC_065098,0,0,0,0,0,0,0,0,0,0,0,0,0,0,0,0,0,0
ENSG00000204300,0,0,0,1,0,0,0,0,0,0,0,1,0,0,0,0,0,0
ENSG00000075292,394,909,1813,1257,1992,3845,776,1157,1619,1293,2021,3187,568,565,2250,927,2535,2943
ENSG00000137185,16,29,92,135,200,230,84,17,181,100,208,361,78,78,156,102,190,302
XLOC_126753,29,5,62,54,43,56,28,28,84,72,54,28,11,75,157,17,37,33
ENSG00000155307,41,235,165,65,165,298,27,211,41,66,94,533,25,30,67,65,205,436
ENSG00000176714,10,3,13,12,38,70,19,0,25,38,17,72,20,4,37,16,36,59
ENSG00000163635,1015,1610,1759,2259,1894,2437,1918,979,1459,1501,2195,2273,1520,1126,2262,770,1536,2648
XLOC_016160,0,0,0,0,0,0,0,0,0,0,0,0,0,0,0,0,0,0
ENSG00000171180,0,0,0,0,0,0,0,0,0,0,0,0,0,0,0,0,0,0
ENSG00000152082,3,4,1,5,2,5,12,0,1,11,3,0,5,7,2,2,3,3
ENSG00000149809,9,1,7,30,0,2,4,14,6,3,8,0,2,3,4,4,2,5
XLOC_043373,3,0,4,0,26,13,0,0,3,2,5,10,0,0,37,7,3,17
ENSG00000185624,62,55,71,146,96,151,261,59,99,184,168,371,193,196,145,83,103,220
XLOC_128914,0,0,0,0,0,0,0,0,0,0,0,0,0,0,0,0,0,0
ENSG00000130227,270,314,517,420,976,1353,222,157,671,441,647,1506,166,298,833,373,537,1164
XLOC_014478,0,5,23,3,15,47,11,0,45,15,17,47,4,13,52,3,56,52
XLOC_048152,0,1,9,6,31,18,3,0,34,1,13,14,4,3,4,9,10,29
XLOC_118224,2,2,0,3,5,2,1,0,2,0,1,1,0,0,2,6,0,1
ENSG00000100207,12,38,18,52,47,52,55,71,37,63,24,51,23,94,33,10,44,64
ENSG00000154478,0,1,4,0,1,1,1,0,0,0,1,0,0,0,3,0,0,0
ENSG00000198870,2,0,1,3,2,6,3,0,6,2,6,7,0,4,9,1,8,10
ENSG00000171863,125,160,212,179,420,626,392,129,288,402,213,807,231,168,589,367,457,656
XLOC_125996,158,488,267,279,68,316,294,377,641,476,575,947,178,342,948,470,310,403
ENSG00000099800,0,0,1,1,11,3,0,14,3,2,9,14,0,3,4,0,3,13
ENSG00000133466,4,1,0,3,3,4,1,19,14,2,1,1,2,0,13,0,2,5
XLOC_097605,0,0,0,0,0,0,0,0,1,0,0,0,0,0,0,0,0,0
ENSG00000161249,49,44,118,161,18,187,76,116,179,162,111,193,23,66,121,91,76,280
XLOC_093712,0,11,2,18,5,13,12,0,5,4,12,4,0,8,22,1,8,4
ENSG00000061794,1,18,8,39,44,61,41,25,55,23,45,65,50,12,46,10,49,57
ENSG00000196284,58,31,38,86,146,101,27,14,99,43,106,71,20,46,57,18,90,114
XLOC_120167,139,59,57,119,52,133,1495,65,149,185,225,170,1141,164,382,155,104,55
XLOC_041523,0,1,0,0,0,1,0,0,0,0,1,0,0,0,0,0,0,0
ENSG00000279132,0,0,0,0,0,0,0,0,0,0,0,0,0,0,0,0,0,0
ENSG00000174705,65,412,318,332,312,236,169,88,175,212,281,867,72,440,205,189,403,884
XLOC_098303,221,64,338,461,174,129,158,259,162,353,192,291,133,408,234,75,212,304
XLOC_008962,178,35,206,349,121,209,169,81,80,156,209,129,90,330,177,181,208,192
XLOC_166812,7,9,14,11,65,21,1,1,29,23,85,3,2,18,102,23,208,9
ENSG00000260930,0,0,30,3,0,13,0,0,0,0,0,0,0,0,2,0,0,0
XLOC_159642,0,0,0,0,0,0,0,0,0,0,0,0,0,0,0,0,0,0
ENSG00000283472,0,0,0,0,0,0,0,0,0,0,0,0,0,0,0,0,0,0
ENSG00000127074,15,1,81,7,16,56,2,0,33,7,20,27,1,0,23,12,108,35
ENSG00000168038,89,255,336,205,423,336,108,132,79,106,148,148,21,78,193,22,223,136
ENSG00000164188,45,19,109,50,192,93,3,7,21,12,85,44,12,48,82,9,62,23
XLOC_090519,0,18,2,14,0,29,5,96,60,51,75,113,0,5,51,6,32,23
XLOC_047130,3,2,6,2,1,3,3,1,0,5,4,2,1,31,3,0,2,6
ENSG00000129235,23,34,23,28,20,51,48,39,29,55,131,123,28,112,44,53,100,90
ENSG00000078098,11,36,21,39,15,38,25,0,80,19,47,409,12,13,135,15,55,464
ENSG00000276814,1,2,7,2,4,17,7,0,0,2,0,5,0,7,5,2,0,0
ENSG00000143816,8,17,14,8,14,44,16,38,11,7,8,11,6,24,34,5,4,13
XLOC_027630,46,29,109,98,170,151,91,18,104,79,130,62,40,47,178,38,122,93
XLOC_030948,1,0,1,1,0,1,0,0,0,1,0,1,4,0,1,0,9,13
XLOC_120545,0,0,0,0,21,3,0,1,0,0,0,12,0,0,0,0,8,4
ENSG00000116977,117,245,246,243,264,396,289,65,209,242,268,518,164,201,308,186,319,457
ENSG00000260331,1,2,6,7,17,6,0,0,40,5,13,19,0,2,19,7,39,30
XLOC_069016,19,41,107,69,63,84,62,38,59,36,61,93,30,42,150,29,142,129
ENSG00000104499,0,0,0,0,0,0,0,0,0,0,0,0,0,0,9,0,0,0
XLOC_006379,0,0,0,0,0,1,1,0,1,0,0,0,2,0,0,0,0,0
ENSG00000167632,12,20,56,56,56,95,73,147,58,64,97,86,92,59,95,58,100,91
ENSG00000234283,0,0,0,0,0,0,0,0,0,0,0,0,0,0,0,0,0,0
ENSG00000250829,0,0,1,0,14,0,0,18,0,2,0,2,0,0,2,0,0,0
XLOC_049788,8,1,3,21,10,46,0,2,1,18,15,4,1,0,8,8,16,1
XLOC_028160,36,65,117,15,58,77,56,23,116,129,181,85,78,141,174,63,65,85
ENSG00000152223,220,312,759,615,842,1151,489,397,356,460,987,691,374,471,861,253,1324,733
ENSG00000204065,0,0,0,2,0,2,0,0,0,0,0,0,0,0,1,0,1,5
ENSG00000182512,6,29,34,33,46,38,41,49,7,28,10,78,22,23,28,7,27,107
ENSG00000081051,0,0,0,0,0,0,0,0,0,0,0,0,0,0,0,0,0,0
XLOC_045349,68,29,54,90,82,127,24,6,51,54,26,69,15,20,7,26,77,41
ENSG00000128000,150,139,383,357,771,588,114,230,601,348,665,502,92,140,767,346,756,602
ENSG00000176728,0,0,0,0,0,48,0,0,0,0,0,13,0,0,0,0,0,65
XLOC_039139,29,37,50,63,31,84,22,21,29,38,121,47,21,14,47,42,42,16
XLOC_098539,19,43,91,37,92,69,55,23,50,32,54,59,99,95,45,31,138,99
ENSG00000121068,24,12,100,36,52,105,14,48,6,14,19,34,3,12,17,0,12,22
ENSG00000125899,0,0,0,0,0,1,0,0,0,0,0,0,0,0,0,0,9,0
ENSG00000069535,802,1100,1455,1624,1830,1042,578,822,594,588,607,440,151,1259,611,236,531,811
ENSG00000198612,23,77,85,111,173,237,66,97,142,59,160,269,51,126,202,55,167,343
ENSG00000070614,432,558,475,431,553,581,412,381,260,210,187,399,227,311,369,152,157,315
ENSG00000119227,7,8,0,33,11,23,2,13,34,9,14,12,13,21,16,1,11,39
XLOC_084119,0,0,0,0,0,0,0,0,0,0,0,0,0,0,0,0,0,0
XLOC_049354,0,0,1,0,0,0,0,0,2,0,0,1,0,0,0,0,0,0
ENSG00000162520,5,14,10,32,19,11,6,18,13,18,11,19,0,30,24,16,4,7
ENSG00000074211,0,0,1,1,0,0,14,0,0,2,0,21,3,0,0,1,0,46
ENSG00000249621,0,0,0,0,0,1,0,0,0,1,0,0,0,0,0,0,0,0
XLOC_139880,97,155,198,109,142,130,93,78,106,118,74,82,28,88,228,136,47,138
ENSG00000135045,2,10,44,13,35,13,11,0,15,6,52,36,4,2,27,18,28,23
ENSG00000272040,4,29,112,61,226,168,5,5,97,34,251,87,18,34,122,26,71,153
ENSG00000163818,43,108,136,59,283,313,104,14,103,71,234,184,64,44,205,81,96,186
ENSG00000113441,812,824,1253,1238,2247,2398,702,975,1101,813,1831,2385,462,837,2189,531,2198,3425
XLOC_037144,28,13,87,22,58,50,22,23,50,16,61,52,35,9,23,11,99,41
ENSG00000249199,0,0,0,0,0,0,0,0,0,0,0,0,0,0,0,0,0,0
XLOC_144952,4,0,1,0,1,2,0,16,0,0,4,0,0,0,1,3,2,2
XLOC_137604,0,0,1,0,0,0,0,0,0,0,0,0,0,0,2,0,0,0
ENSG00000172752,17,99,184,96,236,125,28,66,30,26,80,170,8,26,83,17,79,170
XLOC_033135,1,0,19,0,6,4,3,0,6,2,3,8,1,0,26,3,1,10
ENSG00000176485,37,122,56,92,98,238,35,58,178,126,448,453,36,115,168,97,1247,425
XLOC_116616,7,3,9,38,88,61,24,4,133,5,21,41,4,4,65,25,19,28
XLOC_098373,573,1519,1843,1839,2550,3439,1290,1265,1531,1507,1984,3568,1023,1560,2336,1103,2179,3289
XLOC_152365,58,269,272,129,155,284,487,219,66,79,154,380,498,126,112,50,192,295
ENSG00000164850,4,2,2,4,9,22,14,0,5,3,3,6,0,2,4,2,8,14
XLOC_045886,0,0,0,5,0,12,1,0,0,0,0,20,6,0,3,0,26,3
ENSG00000065675,38,96,52,137,22,141,46,3,67,64,19,67,45,34,61,14,64,77
ENSG00000197077,87,117,334,127,493,283,103,260,459,127,300,420,78,67,587,82,197,308
ENSG00000271384,0,0,0,3,0,1,0,0,0,0,0,0,0,0,0,0,0,0
ENSG00000197122,11,39,43,98,31,60,56,15,22,63,18,39,89,73,51,25,53,84
ENSG00000233079,0,0,0,0,0,0,0,0,0,0,0,0,0,0,0,0,0,0
ENSG00000161940,43,128,132,162,120,281,24,120,18,46,58,36,64,32,43,8,31,16
ENSG00000205653,0,0,0,0,0,0,0,0,0,1,1,1,0,0,0,0,0,0
ENSG00000132182,15,61,106,115,41,80,105,26,58,65,115,106,70,58,106,77,192,150
XLOC_050307,0,0,14,1,1,0,0,0,0,0,0,0,0,0,0,0,0,0
ENSG00000107833,0,0,6,4,13,5,29,3,8,18,9,21,26,10,14,6,14,25
ENSG00000146085,58,68,116,70,152,252,56,61,100,50,190,300,44,72,146,32,94,232
XLOC_093754,15,2,1,1,14,23,19,1,4,5,22,22,11,7,23,3,42,16
ENSG00000106588,27,46,115,44,95,168,33,23,74,58,171,387,26,20,94,44,134,496
XLOC_051145,2,3,1,20,1,37,47,0,85,42,11,119,6,33,196,8,28,185
ENSG00000095981,0,2,0,0,0,0,0,0,0,0,0,1,0,1,1,0,0,0
XLOC_150623,0,0,0,0,0,0,0,0,0,0,0,0,0,0,0,0,0,0
XLOC_050204,0,0,0,0,0,0,0,0,0,0,0,0,0,0,0,0,0,0
ENSG00000228561,0,0,1,0,0,0,0,0,0,0,0,0,0,0,0,0,0,0
ENSG00000142273,0,0,0,0,1,0,0,0,0,2,1,0,0,1,5,0,11,1
XLOC_019127,405,149,521,413,445,198,253,660,241,164,238,218,235,328,615,57,240,132
ENSG00000257955,0,0,0,0,0,0,0,0,0,0,0,0,0,0,0,0,0,0
ENSG00000282440,0,0,0,0,0,0,0,0,0,0,0,0,0,0,0,0,0,0
ENSG00000179855,14,5,13,17,17,15,8,2,1,3,4,4,2,0,4,0,3,2
ENSG00000261823,27,50,42,38,76,106,16,13,29,24,43,53,42,12,59,5,37,26
ENSG00000225932,0,39,15,4,1,18,0,10,4,8,0,21,0,9,17,4,0,4
ENSG00000083844,661,325,934,903,1843,1897,427,496,939,670,1303,2280,313,377,1471,288,1389,2641
ENSG00000100429,0,0,0,1,5,3,4,22,6,2,7,9,1,2,6,1,2,10
ENSG00000241383,0,0,0,0,0,1,0,0,1,0,0,0,0,0,0,0,0,0
XLOC_137307,110,120,234,118,284,290,113,108,176,126,249,222,108,218,279,59,283,243
ENSG00000177548,4,0,5,5,4,12,7,2,11,9,15,19,2,1,23,5,15,18
XLOC_144643,13,15,146,4,134,20,3,28,23,12,28,41,3,23,62,11,31,12
XLOC_088056,0,1,1,0,1,0,0,0,0,3,4,2,0,0,0,0,0,0
ENSG00000250945,0,0,2,0,0,0,0,0,2,0,0,1,0,0,1,0,0,2
XLOC_089733,0,0,0,0,0,0,0,0,0,0,0,0,0,0,0,0,0,0
ENSG00000245149,58,9,27,34,24,44,53,53,64,63,65,77,50,36,114,63,53,171
ENSG00000164691,30,98,77,62,51,120,17,6,42,39,30,70,37,19,93,6,27,124
XLOC_092508,180,561,193,321,273,346,60,262,2,95,86,79,80,52,13,146,38,42
ENSG00000181264,15,142,79,46,121,199,52,196,145,49,65,77,47,32,175,39,73,81
ENSG00000243444,0,3,16,5,4,9,2,0,5,0,5,11,0,0,4,1,12,9
ENSG00000196787,1,0,1,5,2,3,1,0,1,1,6,18,0,12,3,0,9,5
ENSG00000197712,121,242,320,150,228,610,313,171,171,243,302,550,241,122,276,83,276,549
ENSG00000188694,0,0,0,0,0,0,0,0,0,0,0,0,0,0,0,0,0,0
XLOC_095271,0,0,0,0,0,0,0,0,0,0,0,0,0,0,0,0,0,0
ENSG00000163449,8,14,15,22,39,2,3,2,15,7,0,0,0,1,17,1,11,6
XLOC_132719,103,54,121,287,181,299,459,255,184,161,437,146,544,264,339,148,432,183
ENSG00000099250,924,1275,1339,1272,1543,2470,1172,918,900,1183,1250,1869,827,1014,1619,824,727,1634
ENSG00000146476,40,14,22,13,91,108,28,8,74,14,132,160,11,6,65,9,100,168
ENSG00000261532,0,0,0,0,0,0,0,0,0,0,0,0,0,0,0,0,0,0
XLOC_132307,0,0,20,10,7,28,3,0,4,10,60,37,0,0,8,5,9,22
ENSG00000215547,0,0,0,0,0,0,0,0,0,0,0,0,0,0,0,0,0,0
XLOC_157330,28,30,137,71,164,144,59,52,85,40,103,171,31,22,114,26,97,109
XLOC_070268,1,0,0,0,0,0,0,0,0,1,0,0,0,0,0,0,0,0
ENSG00000180318,0,0,0,0,0,0,0,0,0,0,0,0,0,0,0,0,0,0
ENSG00000143556,0,0,1,0,0,1,0,0,0,0,0,0,0,0,0,0,0,0
XLOC_086986,0,0,0,0,0,0,0,0,0,0,0,1,0,0,1,0,1,2
XLOC_153753,0,0,0,0,0,0,0,0,0,0,0,0,0,0,0,0,0,0
ENSG00000197980,0,1,17,22,5,55,13,1,29,16,33,14,1,3,16,11,7,30
ENSG00000163793,0,3,0,0,0,1,1,0,2,0,0,0,5,0,0,0,13,0
ENSG00000119559,1,2,0,5,9,10,4,0,4,3,5,6,5,7,6,2,6,6
ENSG00000267898,0,0,0,0,0,1,0,0,1,0,0,0,0,0,2,0,2,0
ENSG00000077380,346,337,427,649,703,796,487,350,319,389,454,925,312,220,637,230,413,864
ENSG00000205097,0,0,0,0,0,0,0,0,0,0,0,0,0,0,0,0,0,0
ENSG00000186777,0,1,19,0,7,68,7,4,12,0,2,40,3,12,7,2,11,19
XLOC_097107,0,17,6,5,10,32,3,1,2,12,0,15,0,1,27,0,1,11
XLOC_104311,0,0,0,0,0,0,0,0,0,0,0,0,0,0,0,0,0,0
ENSG00000197472,0,0,0,0,0,4,4,0,1,0,1,1,0,1,2,0,9,0
XLOC_057351,0,0,7,10,9,2,0,5,1,0,0,3,0,0,4,0,7,2
ENSG00000083814,30,26,83,103,138,78,33,10,69,75,47,119,11,47,74,49,73,79
XLOC_151098,0,0,0,0,0,0,0,0,0,0,0,0,0,0,0,0,0,0
XLOC_084677,0,0,0,0,0,6,0,0,0,0,0,0,6,0,2,0,14,3
ENSG00000137266,50,207,203,232,228,324,444,114,198,264,695,502,171,178,407,95,466,257
ENSG00000163626,46,54,81,65,99,143,82,23,88,40,95,161,33,87,116,28,164,154
ENSG00000165685,14,0,17,8,1,25,9,4,2,14,12,14,0,8,16,3,4,68
ENSG00000058085,752,1915,863,1101,696,832,1253,326,131,822,816,1426,614,208,196,303,1037,1705
XLOC_159378,0,0,0,0,0,0,1,0,0,0,0,1,0,1,1,0,0,0
ENSG00000189144,33,12,70,59,73,144,49,27,93,51,152,143,19,10,154,22,121,159
ENSG00000130234,0,1,22,18,7,24,101,0,31,12,85,51,146,71,55,14,1,92
XLOC_117850,0,0,5,1,1,1,0,3,0,0,0,1,0,0,0,4,0,2
ENSG00000250709,0,0,0,0,0,0,0,0,0,0,0,0,0,0,0,0,0,0
XLOC_163493,8,0,3,0,3,5,0,2,2,1,2,5,1,0,5,1,4,0
ENSG00000175602,0,0,3,0,1,0,0,0,0,0,0,0,1,2,0,0,1,0
ENSG00000260895,0,0,0,4,0,0,0,0,0,1,0,0,0,0,1,0,3,9
XLOC_033660,1,0,1,2,1,4,0,0,4,2,2,5,1,0,1,7,6,5
XLOC_040035,0,6,20,6,0,10,3,0,3,9,1,6,0,0,7,0,35,4
ENSG00000167014,1,0,0,0,0,0,0,0,0,0,0,0,0,0,0,0,0,0
XLOC_070356,4,4,7,8,18,58,43,7,47,18,41,17,35,4,71,40,39,28
XLOC_035569,56,219,238,115,347,133,17,78,49,38,102,84,26,88,83,34,83,57
ENSG00000268184,0,0,0,0,0,0,0,0,0,0,0,0,0,0,0,0,0,0
XLOC_068133,0,0,0,0,0,0,0,0,0,0,0,0,0,0,0,0,0,0
ENSG00000163472,6,1,32,54,19,21,6,11,12,32,27,35,8,9,41,23,34,34
XLOC_048665,0,0,2,0,0,0,0,0,0,0,1,0,0,0,0,0,0,0
ENSG00000165923,8,23,34,58,11,98,1,35,41,25,48,13,5,3,85,7,51,30
ENSG00000282851,22,4,44,54,55,58,20,12,25,42,66,58,7,35,23,13,83,52
ENSG00000196832,0,0,0,0,0,0,0,0,0,0,0,0,0,0,0,0,0,0
ENSG00000186766,0,0,6,0,0,2,4,1,1,1,4,0,0,0,0,1,0,0
XLOC_068710,4,23,11,1,8,32,27,77,6,3,13,1,7,2,28,0,0,4
ENSG00000112592,21,94,60,99,231,220,105,37,86,90,116,130,42,42,62,50,124,205
ENSG00000084453,5,41,61,43,68,211,58,43,8,4,12,28,45,1,12,0,15,0
ENSG00000279070,0,0,0,0,0,0,0,0,0,3,0,0,0,0,1,3,2,0
ENSG00000237530,0,0,0,0,0,0,0,0,0,0,0,0,1,0,0,0,0,0
ENSG00000196290,45,15,68,88,85,105,56,22,100,80,133,84,33,53,143,118,117,182
ENSG00000112062,224,233,398,338,547,768,274,451,329,302,809,709,181,454,662,139,771,799
XLOC_125925,0,0,0,0,0,2,1,0,0,0,0,1,0,1,0,0,0,0
ENSG00000109320,173,965,768,406,545,722,522,400,420,352,480,1282,343,330,806,249,533,1148
ENSG00000267204,0,0,0,0,5,0,0,0,0,0,0,0,0,0,0,0,0,0
XLOC_145768,0,1,5,3,28,9,8,18,28,17,16,20,0,3,14,18,30,16
ENSG00000263635,0,0,0,0,0,0,0,0,0,0,0,0,0,0,0,0,0,0
ENSG00000259269,0,2,15,2,0,8,0,5,0,0,1,0,1,0,1,2,0,2
ENSG00000138346,13,22,18,19,17,30,14,0,23,21,184,28,23,8,70,14,163,48
XLOC_110139,0,28,0,11,10,14,0,0,2,3,33,10,0,0,22,20,56,11
ENSG00000132554,23,18,41,86,60,297,1,25,25,31,60,79,2,6,63,2,27,128
ENSG00000198517,2,12,43,5,31,25,5,7,11,6,16,31,9,8,11,0,5,32
XLOC_056197,44,7,44,113,106,45,16,13,62,30,38,27,17,63,94,28,124,75
XLOC_109622,61,158,343,111,216,169,62,228,76,56,136,144,20,31,233,30,269,306
ENSG00000048392,84,95,224,127,355,370,185,83,236,123,468,439,130,76,392,96,300,694
ENSG00000269037,0,0,0,3,0,2,0,0,0,0,0,0,0,0,1,0,0,0
ENSG00000119655,16,12,19,28,7,37,71,29,34,73,42,93,24,82,35,27,14,57
XLOC_011392,0,0,0,0,1,0,0,0,0,0,1,0,0,0,0,0,3,0
ENSG00000186790,0,0,0,0,0,0,0,0,0,1,2,0,0,0,1,1,0,0
XLOC_092354,1,3,9,10,2,3,0,0,3,7,0,7,1,3,4,1,2,13
ENSG00000204256,852,1156,1189,2048,649,1912,679,831,723,1599,860,463,1442,2272,455,1121,856,711
ENSG00000185885,2,6,18,14,11,45,7,1,3,8,10,12,3,6,4,19,12,14
ENSG00000228423,4,3,16,8,2,5,7,0,1,3,9,4,2,5,16,2,5,7
XLOC_042512,2,0,0,7,34,23,86,0,10,0,0,18,67,114,5,0,24,9
ENSG00000145247,20,1,33,15,25,39,33,4,42,19,100,81,23,35,57,9,109,159
XLOC_147743,0,1,5,1,1,0,1,56,4,0,0,0,0,7,1,0,0,0
XLOC_050845,0,0,0,0,0,0,0,0,0,0,0,0,0,0,0,0,0,0
ENSG00000183921,0,7,4,3,2,11,3,9,7,2,3,1,1,1,4,1,12,1
XLOC_020710,11,10,22,11,28,17,7,3,8,4,11,16,4,10,5,4,0,4
XLOC_057139,0,2,10,6,9,16,0,24,2,1,1,9,0,2,1,1,4,2
XLOC_044021,23,27,15,16,37,16,21,24,15,8,22,23,24,27,39,4,26,20
XLOC_066017,6,1,0,5,0,1,1,0,0,3,0,2,1,1,0,4,3,0
ENSG00000270071,0,1,7,21,6,7,3,0,3,2,2,10,0,2,10,0,5,16
ENSG00000144843,121,107,150,116,300,278,125,57,119,67,101,259,33,52,77,55,104,312
ENSG00000109445,44,43,37,56,76,87,26,23,74,49,95,125,57,25,62,20,90,80
ENSG00000181215,1,0,0,8,0,11,0,0,0,1,0,0,2,0,2,1,3,13
XLOC_130782,2,6,10,4,8,33,8,163,33,4,48,72,2,17,86,26,37,68
ENSG00000166831,24,24,28,11,26,36,9,26,11,6,11,20,11,1,1,6,24,28
ENSG00000148082,23,41,63,267,119,214,55,65,111,344,103,75,21,222,169,250,16,130
XLOC_086443,45,64,82,130,169,191,30,51,161,40,136,169,33,83,257,47,232,208
ENSG00000005483,1263,3575,3088,2614,3411,5734,1588,1557,2293,2922,2037,4458,1009,1469,3546,1800,2632,4513
XLOC_076199,7,18,31,40,5,11,12,39,8,33,3,19,6,31,32,6,8,9
ENSG00000085514,46,66,33,52,24,76,50,13,5,28,38,34,17,18,9,15,13,28
XLOC_030124,0,0,0,0,2,5,0,1,1,0,0,0,0,0,0,0,0,0
XLOC_065273,57,62,120,71,190,161,48,61,74,70,176,135,51,70,109,30,251,132
XLOC_155699,0,0,0,0,0,0,0,0,0,0,0,0,0,0,0,0,0,0
ENSG00000125149,25,50,29,45,57,118,41,59,16,55,83,71,48,25,22,31,72,225
XLOC_049216,0,0,0,0,0,0,0,0,0,0,0,0,0,0,0,0,0,0
ENSG00000067113,26,43,52,36,86,79,58,89,61,23,42,88,31,44,44,8,67,46
XLOC_142527,0,0,1,0,0,1,0,0,0,0,0,2,0,0,0,0,0,0
XLOC_024139,67,80,151,83,185,300,250,117,64,173,433,369,253,113,112,129,406,200
ENSG00000105696,0,0,0,0,6,0,104,0,1,0,1,1,13,0,19,0,11,7
ENSG00000178404,40,16,22,57,26,86,19,44,11,52,28,48,0,6,24,26,26,60
ENSG00000236120,0,0,0,0,0,0,1,0,0,0,0,0,0,0,0,0,0,0
ENSG00000273777,0,0,0,0,0,0,0,0,0,0,0,0,0,0,0,0,0,0
ENSG00000173769,1,0,0,0,0,0,0,0,1,0,1,0,0,0,0,0,0,0
ENSG00000170871,140,950,702,403,511,1166,457,720,349,366,546,1274,310,308,617,293,542,839
XLOC_002884,0,0,0,0,0,1,0,0,2,0,1,2,1,0,0,0,2,0
ENSG00000132680,178,133,433,358,640,726,321,194,432,779,748,939,250,395,649,656,882,857
ENSG00000260988,5,1,0,12,6,15,0,0,2,0,17,1,1,5,9,4,5,6
ENSG00000205045,0,0,9,4,10,35,2,0,1,5,4,18,1,4,15,1,18,4
ENSG00000237803,0,0,0,1,0,0,0,0,2,0,0,19,0,0,0,0,0,0
XLOC_021235,160,92,181,211,377,208,99,77,77,159,342,237,77,140,202,138,261,357
ENSG00000099331,131,226,290,458,209,499,224,277,206,334,230,510,145,242,310,158,248,539
ENSG00000259560,0,0,0,0,0,0,0,0,0,0,0,0,0,0,0,0,0,0
XLOC_071657,0,1,3,2,3,2,0,0,0,6,1,2,1,2,2,0,2,0
XLOC_015724,0,0,0,0,2,0,0,0,2,0,1,3,0,2,1,0,0,5
ENSG00000229654,0,0,0,0,0,7,0,0,0,0,0,0,0,0,1,0,0,0
ENSG00000186562,0,0,0,0,0,0,0,0,0,0,0,0,0,0,0,0,0,0
XLOC_125611,0,5,0,0,5,0,0,0,1,5,0,0,0,11,1,2,8,0
ENSG00000018510,161,138,227,227,345,562,110,162,296,173,399,675,111,113,486,112,360,732
XLOC_087345,122,393,483,290,351,530,168,257,188,179,273,518,81,136,291,157,392,423
XLOC_090830,1,6,53,11,55,84,32,17,43,8,29,130,16,12,62,16,49,112
XLOC_017500,23,0,1,0,0,1,0,0,0,0,0,0,0,0,3,0,0,0
ENSG00000236354,0,0,0,0,0,0,0,0,0,0,0,0,0,0,0,0,0,0
XLOC_055097,218,316,480,381,623,762,186,339,480,332,376,716,175,260,848,222,501,561
ENSG00000139182,25,124,96,151,78,77,123,120,49,78,103,110,78,92,86,16,125,162
XLOC_037457,0,0,0,0,0,0,0,0,0,0,0,0,0,0,0,0,0,0
XLOC_087332,0,0,0,0,0,0,0,0,0,0,0,0,0,0,0,0,0,0
ENSG00000166329,0,0,0,1,0,0,0,0,0,0,0,0,0,2,0,0,19,0
ENSG00000018408,251,761,633,280,829,1001,253,189,420,291,854,1387,159,341,627,229,1839,892
XLOC_040113,1,0,0,0,1,0,0,0,0,0,0,0,0,0,1,0,0,0
ENSG00000278938,0,0,0,0,0,0,0,0,2,0,0,0,0,0,0,0,0,1
ENSG00000270136,0,0,0,0,0,0,0,0,0,0,0,0,0,0,0,0,0,0
XLOC_096989,0,1,2,5,0,0,0,0,1,0,0,0,2,0,0,0,0,0
ENSG00000231776,0,0,0,0,0,0,0,0,0,0,0,0,0,0,0,0,0,0
ENSG00000137843,3,0,5,0,0,3,33,1,2,25,34,17,10,13,12,7,13,35
ENSG00000274198,0,0,0,0,0,8,0,0,0,0,0,0,0,15,5,0,0,0
ENSG00000247400,0,0,0,0,1,0,0,0,0,0,0,0,0,0,0,0,0,0
ENSG00000187833,0,0,0,0,0,0,0,0,0,0,0,1,0,0,0,0,0,0
ENSG00000177599,14,0,9,2,4,16,8,0,10,14,9,96,1,2,15,3,2,25
ENSG00000112276,8,57,49,32,177,71,8,27,3,4,14,32,6,3,7,10,13,22
XLOC_095070,3,1,2,2,3,9,0,0,0,1,0,1,0,1,1,2,2,6
XLOC_123655,7,1,24,3,39,18,5,2,20,12,15,18,4,16,51,5,21,37
XLOC_155534,0,0,0,1,1,0,0,0,0,0,0,0,0,0,0,0,0,0
ENSG00000249131,0,0,3,0,4,0,5,0,0,0,0,0,0,4,0,0,0,2
ENSG00000161914,0,1,0,4,2,12,1,0,17,0,0,5,0,1,1,1,1,9
XLOC_013455,6,8,34,1,35,36,11,29,10,6,26,42,2,7,30,5,8,74
XLOC_087098,4,0,0,3,2,3,0,6,22,7,0,0,0,3,49,12,0,0
ENSG00000276509,0,0,0,1,0,1,0,0,0,0,0,0,0,1,0,0,2,0
ENSG00000136261,16,31,73,33,21,72,38,6,44,43,91,351,40,51,58,45,76,253
XLOC_080950,0,0,0,0,0,0,0,0,0,0,0,0,1,0,0,0,0,0
ENSG00000168246,28,65,84,50,175,151,51,101,81,33,88,157,40,86,115,30,73,275
ENSG00000249998,0,0,0,3,0,0,0,0,0,0,0,0,0,0,8,0,0,0
ENSG00000162236,30,145,99,59,69,102,56,7,47,47,22,69,49,69,80,27,36,46
XLOC_015453,43,8,128,158,155,106,344,183,95,148,101,26,330,178,78,86,86,9
ENSG00000250366,0,0,0,0,0,0,0,0,0,0,0,0,0,0,0,0,0,0
XLOC_029143,59,53,66,173,21,113,343,24,232,134,32,112,61,333,166,71,12,104
ENSG00000266338,87,123,127,170,282,465,84,73,103,199,268,380,68,150,131,168,253,466
XLOC_096802,0,1,2,16,0,3,3,4,11,3,13,5,1,3,13,3,2,5
ENSG00000244067,1,0,6,1,0,25,1,0,0,0,0,2,0,0,1,0,1,10
ENSG00000011426,2,3,10,25,14,27,15,2,33,34,110,174,54,9,24,55,132,300
XLOC_039317,2,13,45,21,32,69,8,2,21,13,6,32,5,49,32,12,13,50
XLOC_056977,37,127,122,106,148,114,64,32,100,84,92,201,84,75,199,28,96,107
ENSG00000099256,4,0,16,17,20,59,7,7,12,8,19,76,5,3,14,1,38,21
XLOC_104344,0,0,10,10,2,33,4,25,0,0,0,12,0,3,1,0,5,14
ENSG00000101986,1,16,10,6,2,6,2,15,12,10,2,4,0,7,7,11,9,11
XLOC_025795,0,0,0,0,0,1,0,0,0,0,0,0,0,0,0,1,0,0
ENSG00000115204,87,67,93,130,234,118,185,96,111,233,108,134,190,117,223,249,144,158
ENSG00000226846,0,0,0,0,0,0,0,0,0,0,0,0,0,0,0,0,0,0
XLOC_148574,0,0,0,5,0,4,0,0,0,3,0,1,0,5,3,1,0,4
ENSG00000174482,0,1,3,0,2,4,0,2,0,0,0,2,0,0,0,0,0,6
XLOC_121386,63,23,108,69,60,194,40,25,117,39,135,122,29,60,217,24,67,204
XLOC_154612,0,0,0,0,0,0,0,0,0,0,0,0,0,0,0,0,0,0
ENSG00000148344,5,1,3,8,1,22,62,2,12,12,76,145,23,23,10,7,19,72
XLOC_040303,2,34,86,24,58,56,6,231,36,19,50,32,5,11,42,4,55,27
XLOC_105419,54,51,128,208,99,188,183,95,155,315,207,185,166,388,222,236,98,85
ENSG00000113088,4,10,4,39,42,39,18,0,13,20,10,44,9,2,22,8,75,126
ENSG00000278743,0,0,0,0,0,0,0,0,0,0,0,0,0,0,1,0,0,0
XLOC_045853,0,0,0,0,0,0,0,0,0,0,0,0,0,0,0,0,0,0
XLOC_081262,0,0,0,0,0,0,0,0,0,0,0,0,0,0,0,0,0,0
ENSG00000100162,0,0,3,0,0,0,1,0,0,2,0,0,1,6,1,0,1,2
ENSG00000140104,1,2,30,10,7,13,1,2,5,4,10,31,4,4,4,4,41,9
ENSG00000132388,55,190,92,107,145,316,207,78,110,80,241,417,158,115,189,94,289,334
XLOC_118380,0,0,0,1,6,3,7,1,26,6,115,62,6,12,51,10,33,72
ENSG00000173085,32,21,111,118,43,90,32,13,56,54,111,182,38,24,46,31,82,112
XLOC_071978,23,14,89,20,96,56,33,45,66,26,147,106,11,14,68,42,190,66
XLOC_034077,0,0,0,0,0,0,0,0,0,0,0,0,0,0,0,0,0,0
ENSG00000186976,34,52,58,119,66,172,73,25,82,82,134,121,21,87,77,18,61,133
XLOC_049652,28,78,186,78,234,265,31,205,144,45,166,119,38,81,175,2,170,58
XLOC_110120,11,9,7,33,104,18,0,5,4,5,7,16,0,3,19,2,7,11
ENSG00000167202,108,132,219,170,200,228,64,142,91,135,102,180,30,109,143,55,128,219
XLOC_109619,68,197,196,76,99,114,70,78,31,92,107,123,79,78,52,59,151,168
ENSG00000165271,7,28,18,40,21,103,38,41,76,55,47,98,15,59,131,21,60,92
ENSG00000174339,0,0,0,0,0,0,0,0,0,0,0,0,0,0,0,0,0,0
ENSG00000151882,8,27,20,35,19,85,56,18,149,22,35,48,11,71,203,16,37,80
XLOC_019818,0,0,0,0,0,0,0,0,0,0,0,0,0,0,0,0,0,0
ENSG00000182952,23,38,49,48,98,231,55,9,128,43,148,233,18,24,112,41,181,165
ENSG00000219626,2,28,58,15,97,82,9,5,27,24,27,35,6,4,92,4,45,69
ENSG00000171970,0,0,6,2,3,14,2,15,1,7,9,0,0,0,1,1,2,4
ENSG00000181004,3,6,15,14,8,39,2,0,8,9,35,58,6,3,33,5,13,44
ENSG00000258807,0,0,0,0,0,1,0,0,0,4,0,0,1,0,0,0,0,0
ENSG00000276040,0,0,0,0,0,0,0,0,0,0,0,0,0,0,0,0,0,0
ENSG00000164334,0,0,0,0,0,0,0,0,0,0,0,1,0,0,0,0,0,0
XLOC_049272,0,0,2,1,0,1,0,0,0,0,0,0,0,0,7,0,0,0
ENSG00000204501,0,0,0,0,0,0,0,0,0,0,0,0,0,0,0,0,0,0
ENSG00000180934,0,0,0,0,0,0,0,0,0,0,0,0,0,0,0,0,0,0
ENSG00000183378,15,83,71,42,27,64,0,34,2,10,40,8,0,1,6,4,1,3
ENSG00000069399,7,53,32,10,4,44,23,11,6,4,1,71,20,8,10,2,1,35
ENSG00000125826,48,45,61,79,91,111,104,209,90,91,100,115,60,72,155,44,144,158
XLOC_142528,6,0,11,12,1,40,37,2,142,28,80,49,54,0,88,6,1,19
XLOC_151460,11,10,31,26,25,68,17,0,27,20,48,91,9,31,85,24,41,37
XLOC_090199,5,36,38,5,37,33,2,3,1,10,6,12,1,7,3,3,5,4
XLOC_093051,6,4,15,2,3,15,1,0,19,4,11,8,0,6,3,3,6,3
XLOC_033103,0,0,0,0,0,0,0,0,0,0,0,0,0,0,0,0,0,0
ENSG00000127366,2,5,26,22,40,53,33,12,46,14,27,30,1,37,63,3,12,29
ENSG00000121716,29,68,62,105,59,99,81,46,54,119,40,70,29,146,91,32,57,57
ENSG00000225470,0,0,0,0,0,0,0,0,0,0,0,0,0,0,0,0,0,0
ENSG00000134871,104,550,726,270,624,695,79,377,111,104,204,622,81,139,170,49,188,395
XLOC_028485,48,114,78,117,116,69,58,65,41,125,63,84,39,287,62,62,126,171
ENSG00000147604,460,639,690,536,968,1179,1796,383,758,837,822,1542,1017,879,1305,778,880,1534
XLOC_124359,173,173,657,476,792,992,297,282,515,223,581,881,274,268,810,201,1198,1108
XLOC_001751,21,81,198,3,20,27,16,2,15,17,17,144,5,46,22,14,31,36
ENSG00000144035,0,0,0,0,0,0,0,15,0,1,0,2,0,0,4,0,1,3
XLOC_156763,0,6,3,1,13,6,0,3,11,22,36,5,0,1,34,10,41,21
XLOC_121176,0,1,3,5,3,7,0,73,48,6,2,6,0,0,14,2,6,0
ENSG00000111669,83,175,146,111,98,164,167,31,66,129,143,149,129,78,86,70,213,152
ENSG00000164266,0,2,0,0,0,2,94,0,110,41,384,6,6,2,10,39,204,16
XLOC_006591,1,2,11,2,12,12,1,6,0,0,0,7,0,0,3,0,1,0
ENSG00000154143,0,0,1,0,0,0,0,0,0,0,0,0,0,2,0,0,0,0
ENSG00000179965,0,0,6,5,9,1,2,9,8,9,0,19,1,3,8,1,9,2
ENSG00000244122,0,0,0,0,0,1,7,0,0,0,0,0,2,0,0,0,0,0
XLOC_066407,9,2,26,34,57,28,2,5,23,35,49,74,8,7,60,28,40,70
XLOC_111063,1,0,0,2,1,0,0,0,2,4,1,2,0,1,1,0,0,2
XLOC_042583,21,0,63,16,126,54,1,37,43,18,31,41,9,12,79,17,81,115
ENSG00000253140,1,0,0,0,0,0,0,0,0,0,0,0,0,0,0,0,0,3
ENSG00000228048,0,0,0,2,3,4,0,0,0,0,0,0,0,0,0,0,0,0
XLOC_042532,7,0,11,11,22,48,5,1,13,22,21,36,5,2,32,20,11,13
ENSG00000196689,1,24,16,7,10,32,19,8,36,5,42,19,26,33,44,10,24,15
XLOC_006425,1,0,30,24,2,21,63,23,29,49,20,26,30,140,48,8,28,35
ENSG00000126822,69,73,173,134,132,159,164,24,191,65,50,200,131,95,275,40,43,245
XLOC_093390,0,0,0,0,0,0,0,0,0,0,0,0,0,0,0,0,0,0
ENSG00000146910,0,0,2,0,0,0,0,0,0,0,0,0,0,0,1,0,0,0
XLOC_093783,86,231,155,94,115,134,112,71,186,105,314,280,62,186,217,129,350,267
XLOC_115508,8,25,33,19,40,12,27,50,31,70,26,59,9,13,84,23,53,24
ENSG00000128242,0,0,10,2,0,0,5,0,4,1,5,1,0,1,6,1,17,0
ENSG00000223530,0,0,0,0,0,0,0,0,0,0,0,0,0,0,0,0,0,0
XLOC_137448,0,0,0,0,0,0,0,0,0,0,0,0,0,0,0,0,0,0
ENSG00000231412,0,0,0,0,0,0,0,0,0,0,0,0,0,0,0,0,0,0
XLOC_067676,1,1,0,1,3,0,0,5,0,1,0,0,0,0,0,0,0,0
ENSG00000130813,22,29,32,40,33,33,31,21,20,29,46,39,16,24,64,11,41,57
XLOC_022681,9,18,33,14,2,34,19,27,9,19,26,28,2,3,44,2,22,13
ENSG00000139287,0,0,4,4,0,1,0,0,0,0,0,0,0,0,0,0,0,0
ENSG00000133020,0,0,0,3,0,2,0,0,0,7,13,3,0,0,1,0,6,20
ENSG00000232698,0,0,0,0,0,0,0,0,0,0,0,0,0,0,0,0,0,0
ENSG00000196230,5,1,3,7,5,5,8,0,2,5,9,12,1,3,7,1,4,19
ENSG00000230401,0,0,0,0,18,0,0,0,0,0,0,0,0,0,0,0,0,0
XLOC_097812,5,0,4,4,3,11,7,8,12,4,2,5,0,11,10,18,11,10
XLOC_146028,4551,13667,6641,12634,3830,11316,1736,8842,4520,9767,9622,10287,575,54780,7226,1740,2364,2233
XLOC_053128,0,0,0,1,1,0,0,0,2,0,0,0,0,0,15,0,1,6
XLOC_094414,4,71,16,51,25,71,58,41,20,24,57,41,40,37,20,18,101,53
ENSG00000136881,0,0,0,2,0,8,57,0,7,0,36,29,0,18,0,0,6,67
XLOC_101383,4,3,31,11,15,19,10,15,7,8,4,44,4,8,35,6,22,68
ENSG00000106771,298,437,650,540,1403,1234,444,253,957,528,2133,673,314,382,1365,299,1161,711
ENSG00000155897,0,13,2,3,4,24,0,1,0,1,5,0,0,0,0,0,0,0
ENSG00000162976,22,19,43,64,125,127,28,13,45,42,51,86,18,19,108,34,98,172
ENSG00000166803,0,0,0,3,0,2,4,0,1,13,5,20,1,0,3,0,0,5
ENSG00000232196,0,0,46,6,7,10,1,0,9,3,6,32,0,0,34,7,9,11
ENSG00000105220,24,66,74,95,43,105,119,7,41,83,93,139,67,95,63,39,76,127
ENSG00000127928,0,0,0,0,0,0,9,0,0,0,0,0,4,1,0,0,4,0
ENSG00000154165,0,0,4,0,0,0,12,0,1,0,0,0,0,1,1,0,0,0
ENSG00000226497,0,0,0,0,0,0,0,0,0,0,0,0,0,0,0,0,0,0
XLOC_117608,1,3,2,18,2,0,0,0,0,0,0,4,0,0,0,0,4,1
ENSG00000183644,1,1,12,15,2,57,1,2,5,1,10,1,13,0,28,2,10,46
XLOC_158624,2,2,5,6,13,11,0,6,8,6,15,3,0,0,10,2,9,12
ENSG00000226674,1,5,25,60,3,39,16,0,18,29,33,130,5,1,97,1,71,105
ENSG00000177432,16,120,279,86,158,209,10,57,63,33,186,162,5,40,99,10,195,142
XLOC_116339,0,0,0,0,0,0,0,0,0,0,0,0,0,0,0,0,0,0
ENSG00000249441,0,0,0,1,0,0,0,0,0,0,0,0,0,0,0,0,4,0
ENSG00000160867,15,9,34,4,13,22,2,67,3,5,13,0,2,16,0,9,8,4
ENSG00000154358,27,132,230,126,235,226,195,177,103,60,80,72,108,64,160,17,72,41
XLOC_051176,0,0,0,0,0,0,0,0,0,0,0,0,0,0,0,0,0,0
ENSG00000186288,10,0,0,0,0,0,0,0,4,0,0,0,0,0,0,0,0,0
XLOC_008273,0,0,3,0,1,0,1,0,3,1,3,0,0,0,3,0,1,1
ENSG00000254827,0,2,0,0,0,0,0,0,0,0,2,0,0,3,0,0,0,0
ENSG00000026751,98,2,104,310,108,599,115,42,130,158,198,894,162,224,299,73,545,1167
ENSG00000134940,1,0,0,5,0,17,0,0,0,6,7,1,1,0,19,7,11,3
XLOC_030254,98,48,164,197,280,134,519,140,175,162,164,104,307,123,293,25,201,281
ENSG00000164066,377,202,529,461,720,1299,299,203,659,306,1083,725,292,167,846,105,638,997
XLOC_026641,7,1,34,41,12,114,25,10,75,37,31,50,10,36,76,21,62,71
ENSG00000138411,514,997,1555,785,2392,1694,410,778,134,573,574,318,408,182,92,199,167,226
XLOC_057350,0,0,0,0,0,0,0,0,0,0,0,0,0,0,0,0,0,0
ENSG00000154237,46,58,96,122,52,121,45,21,75,98,67,173,14,88,117,49,208,161
ENSG00000074855,3,11,4,21,13,7,12,0,17,26,24,21,7,3,17,2,19,19
XLOC_152189,21,45,151,97,166,233,227,68,150,174,582,298,258,41,195,190,421,150
ENSG00000229382,0,1,0,0,3,3,4,0,2,0,0,1,6,0,0,0,0,3
XLOC_010258,0,0,6,0,1,1,0,0,0,0,0,0,0,0,1,0,0,0
XLOC_071850,0,0,0,0,0,0,0,0,0,0,0,0,0,0,0,0,0,0
ENSG00000196420,0,2,0,5,1,3,0,0,0,4,0,1,0,0,2,0,0,0
XLOC_008660,263,2904,2596,544,1073,706,2423,3059,836,326,1321,2544,816,4877,1425,124,1180,1737
XLOC_082183,8,98,116,99,54,95,53,2,84,67,49,70,13,11,29,37,111,89
XLOC_000485,6,0,23,7,5,37,5,24,24,2,25,10,0,12,42,1,9,1
ENSG00000160007,342,715,729,1100,801,1465,629,353,1311,1138,765,1380,389,834,2153,790,750,1058
XLOC_116534,0,0,0,0,0,0,0,0,0,0,0,0,0,0,0,0,0,0
XLOC_143653,1,3,32,9,3,8,32,31,3,3,2,10,9,82,2,3,0,36
XLOC_099393,37,6,17,37,225,185,64,1,12,22,36,8,15,3,37,7,21,2
ENSG00000144283,455,709,686,619,983,1399,511,392,521,483,955,1092,431,530,1042,369,1004,976
XLOC_120073,0,11,11,12,6,2,7,1,0,9,8,5,3,7,4,1,1,2
ENSG00000242021,0,0,0,0,5,3,0,0,0,0,0,0,0,0,0,0,0,3
XLOC_158502,1,1,3,0,4,0,0,1,1,0,2,5,0,0,8,1,2,0
XLOC_018680,0,0,1,9,11,1,0,5,4,2,1,16,0,1,4,1,5,1
XLOC_167678,205,199,318,695,516,360,142,307,299,447,530,285,129,586,303,263,468,432
ENSG00000267327,0,3,0,0,0,2,0,0,0,0,0,9,0,0,0,0,0,0
ENSG00000135919,6,17,71,17,2,55,21,0,16,32,14,96,8,4,8,13,126,99
ENSG00000124743,0,10,31,5,34,30,0,0,13,2,4,5,2,0,44,0,18,70
XLOC_141739,0,4,18,16,3,8,13,15,20,13,26,14,12,39,9,10,86,24
XLOC_042045,0,0,0,0,0,0,0,0,0,0,0,0,0,0,0,0,0,0
ENSG00000240184,80,72,88,44,120,112,7,42,17,48,25,63,14,39,19,8,26,130
ENSG00000139597,25,49,116,111,254,343,40,14,125,62,216,230,45,17,278,46,214,229
ENSG00000223829,0,0,0,0,0,0,0,0,1,0,0,0,0,0,0,0,0,5
XLOC_093922,0,2,5,8,2,0,2,2,7,1,1,19,6,3,10,8,12,6
XLOC_159060,19,62,31,72,14,36,9,161,27,41,38,8,6,25,67,22,19,81
XLOC_094405,10,20,10,9,14,9,28,62,11,11,11,11,13,26,11,0,10,12
XLOC_163388,125,152,301,182,759,1043,90,975,498,70,898,651,77,129,914,91,470,1389
ENSG00000258169,1,2,0,0,0,1,0,0,2,5,0,0,0,1,0,0,8,0
ENSG00000178093,0,0,0,0,1,1,0,0,0,0,0,0,0,0,1,0,0,0
ENSG00000263958,0,0,0,0,0,0,0,0,0,0,0,0,0,0,0,0,0,0
XLOC_073266,0,0,9,4,19,6,0,10,2,5,25,30,3,0,6,1,1,9
ENSG00000271742,0,1,0,2,0,1,2,0,17,1,0,0,0,0,1,2,3,0
ENSG00000166743,1,3,14,20,19,22,4,28,52,9,38,14,2,56,25,2,3,4
XLOC_135625,0,0,0,0,0,0,2,0,1,0,0,0,10,0,0,0,0,0
XLOC_146626,0,0,0,0,0,0,0,0,0,0,0,0,0,0,0,0,0,0
XLOC_017779,0,1,0,0,0,3,0,0,0,0,0,0,0,0,0,0,0,0
ENSG00000181392,0,1,3,7,0,2,3,1,1,10,8,13,5,2,7,0,6,3
ENSG00000150627,8,13,41,21,42,72,1,24,62,3,17,68,0,12,50,9,15,52
ENSG00000163528,20,22,25,20,27,20,22,60,29,34,35,37,25,4,30,14,19,7
XLOC_116646,30,32,39,31,71,67,17,2,58,24,69,72,54,10,73,26,47,36
XLOC_142723,0,26,4,0,10,22,6,0,0,0,1,0,2,0,0,0,2,0
XLOC_074843,5,2,38,4,44,40,2,5,32,5,35,20,1,13,57,14,29,42
XLOC_070366,2,4,35,14,49,28,31,8,57,18,75,25,18,5,94,15,60,30
ENSG00000107821,0,0,0,6,0,12,7,3,0,13,13,3,0,7,4,7,0,6
ENSG00000124467,0,0,0,0,1,0,0,0,0,0,0,8,0,0,0,0,0,0
XLOC_001720,0,0,9,0,2,0,0,2,0,0,0,0,0,0,0,0,3,0
XLOC_069270,62,92,30,37,31,42,87,112,7,24,31,61,78,40,25,13,56,44
ENSG00000257556,0,0,0,0,0,0,0,0,0,0,0,0,0,0,0,0,0,0
XLOC_032227,110,290,263,138,396,270,56,270,45,19,111,54,25,34,89,5,112,30
XLOC_061682,0,0,0,3,10,21,5,0,10,7,24,22,3,17,49,4,41,35
XLOC_023554,0,0,0,0,0,0,0,0,0,0,0,0,0,0,0,0,0,0
XLOC_045992,0,0,0,0,0,0,0,0,0,0,0,0,0,0,0,0,0,0
ENSG00000114735,108,55,223,214,88,275,213,73,232,196,187,144,136,170,344,88,176,224
ENSG00000099341,31,56,107,44,20,75,115,75,30,52,62,52,66,77,56,27,65,39
ENSG00000127249,185,204,593,539,411,1189,213,448,1631,565,1760,855,125,877,1847,653,685,871
ENSG00000131781,7,29,41,145,50,101,96,168,268,487,417,47,68,111,400,252,648,50
XLOC_022672,0,1,3,2,1,6,0,0,0,1,2,7,0,4,16,0,13,36
XLOC_163447,13,55,144,127,91,265,17,2,80,41,25,19,11,2,86,21,49,176
ENSG00000184276,0,0,3,0,1,1,0,0,1,0,0,0,0,13,4,0,1,0
ENSG00000267100,0,0,0,0,1,0,0,0,0,0,0,0,0,1,0,0,0,0
ENSG00000108587,152,348,258,248,441,552,307,221,336,349,418,661,183,329,415,175,362,619
ENSG00000105852,10,21,18,17,47,67,29,17,132,86,78,71,7,23,199,99,55,67
ENSG00000135870,384,1019,1333,874,1560,1921,971,624,915,796,1553,2016,543,414,1177,476,1523,1759
XLOC_091936,1,2,18,10,36,26,4,13,15,11,24,36,5,4,16,4,40,67
ENSG00000182158,1786,1884,3332,2654,3979,3864,3918,2178,3045,2981,3983,4670,2522,5336,5442,2091,8989,5889
ENSG00000204514,68,104,102,190,108,137,60,79,136,129,133,297,70,147,262,52,242,290
ENSG00000254511,0,0,0,0,0,5,0,0,0,0,0,0,0,0,0,0,0,0
ENSG00000181408,0,0,0,0,0,0,0,0,0,0,0,0,0,0,0,0,0,0
XLOC_060698,63,306,207,338,295,217,89,192,50,146,139,189,43,122,117,142,172,174
ENSG00000108342,2,170,97,3,6,23,17,89,2,0,2,26,4,29,0,0,0,8
ENSG00000204977,2,9,31,32,20,28,1,7,25,18,23,29,4,2,22,3,10,6
XLOC_039793,0,0,5,10,0,19,0,0,1,4,1,6,0,2,5,0,11,5
ENSG00000213903,88,184,176,271,179,324,91,110,303,182,202,420,26,132,483,81,334,332
XLOC_133830,1,0,0,0,0,0,0,0,0,0,0,0,0,0,0,0,0,0
ENSG00000211448,11,0,3,110,12,81,8,40,15,44,13,331,3,20,12,21,25,223
ENSG00000169306,0,0,0,0,5,5,0,0,0,1,0,0,0,0,0,0,0,3
ENSG00000274414,0,0,0,0,0,0,0,0,0,0,0,0,0,0,0,0,0,0
ENSG00000198848,35,28,66,31,53,90,73,9,17,21,19,21,13,26,10,11,12,63
XLOC_063833,0,0,0,0,0,0,0,0,0,0,0,0,0,0,0,0,0,0
ENSG00000137338,29,50,93,50,118,136,15,62,121,64,91,102,40,46,114,27,59,157
ENSG00000171612,6,19,16,7,25,48,16,3,2,16,22,32,8,16,16,7,16,38
ENSG00000272505,5,3,4,9,11,21,2,1,16,5,18,12,0,4,11,3,6,19
XLOC_140939,19,9,8,8,41,21,24,1,11,4,15,12,6,9,9,7,9,24
XLOC_121744,8,5,1,0,2,15,0,9,1,3,6,5,0,3,16,6,10,6
ENSG00000106772,57,245,388,258,450,316,40,59,140,87,129,96,23,88,182,35,327,191
ENSG00000075785,4127,3410,2541,5541,3046,3827,3970,1396,1219,4677,2231,3566,2762,2834,2084,2704,3166,3946
ENSG00000197948,82,97,151,243,136,266,58,87,172,178,332,240,42,51,304,87,497,445
ENSG00000074803,0,13,13,1,64,12,0,40,5,5,9,3,0,0,0,0,5,33
ENSG00000188763,0,0,0,0,0,0,1,0,0,1,0,0,0,0,1,0,0,0
XLOC_105120,0,8,1,8,0,13,1,0,1,0,3,0,0,0,0,0,4,0
ENSG00000225498,0,11,44,0,6,15,4,5,18,0,4,16,0,0,8,0,2,49
XLOC_102379,0,1,2,24,4,4,0,0,2,2,4,25,0,0,11,8,1,0
XLOC_163564,0,2,1,6,20,6,2,12,5,6,4,7,0,0,8,1,22,12
ENSG00000183742,26,81,69,49,37,209,77,33,156,105,333,1903,57,121,316,118,119,2260
XLOC_113227,0,4,7,5,33,16,1,18,10,5,24,43,3,8,8,4,17,20
XLOC_143427,3,0,3,9,9,14,0,8,3,5,7,15,0,0,2,0,1,9
ENSG00000182648,3,5,16,7,30,13,9,12,19,6,11,3,11,3,9,0,14,1
XLOC_069778,18,6,0,2,0,5,0,1,13,0,22,0,0,0,0,0,3,0
ENSG00000176742,0,0,0,0,0,1,0,0,0,0,0,0,0,0,0,0,0,0
XLOC_066518,0,0,0,0,0,0,0,0,0,0,0,0,0,0,0,0,0,0
ENSG00000124568,0,0,0,0,0,0,21,0,0,5,0,0,13,0,0,0,0,0
XLOC_008059,11,3,8,12,2,7,12,0,9,11,11,6,8,13,10,6,9,11
ENSG00000225877,0,0,1,0,4,3,0,0,1,0,0,0,0,0,0,0,0,0
ENSG00000138814,280,660,696,804,792,1142,588,185,457,453,987,1339,508,324,887,277,680,1244
XLOC_012421,13,3,4,13,5,43,24,0,41,22,0,62,18,34,25,21,69,41
ENSG00000051341,3,3,19,38,4,27,3,20,23,28,54,32,10,7,47,37,135,83
XLOC_127864,9,1,1,19,4,10,50,25,15,13,22,9,33,44,69,6,15,7
XLOC_090074,0,0,0,0,0,0,0,0,0,0,0,0,0,0,0,0,0,0
XLOC_110183,5,17,4,29,4,3,4,0,9,25,2,6,1,0,6,8,4,3
ENSG00000118017,1,0,0,3,0,6,4,0,0,0,0,0,0,3,0,2,0,1
XLOC_168214,0,0,0,0,0,0,0,0,0,0,0,0,0,0,0,0,0,0
XLOC_100043,0,0,0,0,0,0,0,0,0,0,0,0,0,0,0,0,0,0
ENSG00000092529,100,148,271,425,204,355,83,199,383,293,200,162,38,217,560,136,95,173
ENSG00000233559,0,0,0,0,0,0,0,0,0,0,0,0,0,0,0,0,0,0
XLOC_043421,0,0,1,0,2,4,0,0,0,0,0,2,0,0,0,0,0,0
ENSG00000272335,38,70,119,62,305,314,170,71,364,79,313,328,77,46,654,40,340,315
ENSG00000248528,0,0,0,2,3,0,0,0,3,0,0,0,0,0,0,0,0,3
XLOC_155364,0,0,0,2,2,0,0,0,0,1,0,2,0,0,1,0,0,0
XLOC_142147,3,3,6,14,6,21,4,0,7,2,5,9,6,2,12,2,9,16
ENSG00000279152,0,0,0,0,0,0,0,0,0,0,0,0,0,0,0,0,0,0
ENSG00000102967,24,9,33,79,41,67,43,49,33,48,31,105,21,58,39,19,47,83
XLOC_010664,0,0,0,0,0,2,0,0,1,2,3,3,0,1,0,1,4,19
XLOC_135886,0,0,4,0,10,3,0,11,0,0,0,6,0,0,3,0,8,0
XLOC_097616,0,0,0,0,0,0,0,0,0,0,0,0,0,0,0,0,0,0
ENSG00000012061,36,106,235,56,55,133,31,83,45,45,42,76,8,61,58,9,36,48
ENSG00000055813,40,122,225,43,545,249,22,67,3,51,36,34,7,1,29,18,63,16
XLOC_166521,0,7,0,0,5,1,21,0,0,2,0,0,0,0,3,0,0,1
ENSG00000123576,0,1,0,0,0,1,0,0,0,0,0,0,0,0,0,0,0,0
ENSG00000075340,31,7,130,71,93,162,11,31,95,55,57,206,19,52,105,25,42,282
ENSG00000038382,293,647,899,728,844,1239,1235,562,804,783,1320,2158,754,566,1352,425,1702,2073
XLOC_085295,0,0,0,0,0,2,0,0,0,0,0,0,0,0,2,0,1,0
XLOC_118580,8,5,2,6,24,10,8,0,5,0,18,3,5,1,18,1,16,23
XLOC_033868,0,0,0,0,0,0,0,0,0,0,0,0,0,0,0,0,0,0
ENSG00000146221,3,0,3,19,36,42,1,0,3,1,3,4,0,0,10,0,0,8
XLOC_168039,0,0,0,0,0,0,0,0,0,0,0,0,0,0,0,0,0,0
XLOC_095092,0,0,0,0,0,0,0,0,0,0,0,0,0,0,0,0,0,0
XLOC_016146,0,0,0,0,0,0,0,0,0,0,0,0,0,0,0,0,0,0
ENSG00000133142,1688,1933,2471,2939,2954,2637,1452,1132,1036,2127,2228,2478,798,2165,1337,2236,1871,2289
ENSG00000163412,305,177,411,351,569,733,123,177,235,169,331,369,117,155,349,93,293,487
ENSG00000011422,4,76,58,12,8,74,39,35,7,12,27,129,17,12,31,10,23,180
ENSG00000198062,0,0,0,0,3,0,0,0,0,0,0,0,0,0,0,0,1,0
ENSG00000175426,2,28,13,26,24,83,11,13,13,16,21,70,9,22,22,2,43,45
ENSG00000249513,0,0,0,0,0,0,0,0,0,0,0,0,0,0,0,0,0,0
ENSG00000127334,64,59,223,131,401,435,136,449,159,97,271,635,58,81,271,31,401,1190
ENSG00000251632,0,0,0,0,0,2,0,0,0,0,0,0,0,0,0,0,0,9
ENSG00000118308,28,61,58,67,152,314,43,100,88,77,62,170,29,29,168,13,248,237
ENSG00000197084,0,0,0,0,0,0,0,0,0,0,0,0,0,0,0,0,0,0
ENSG00000246863,0,0,0,0,0,2,0,0,1,1,0,0,0,0,6,1,0,0
XLOC_117252,1,4,71,7,43,47,7,16,49,19,17,63,3,6,118,0,76,55
ENSG00000186297,0,0,0,0,0,0,0,0,0,0,0,0,0,0,0,0,0,0
ENSG00000198231,389,686,778,804,821,1104,909,547,661,773,819,1255,619,1101,1053,446,924,1083
ENSG00000198455,30,76,128,58,101,123,86,18,63,59,81,94,44,29,137,49,178,216
ENSG00000121005,1,14,34,30,39,10,106,5,89,7,16,51,58,13,91,14,11,60
ENSG00000160471,0,0,0,2,0,6,0,9,0,7,0,0,0,5,2,0,0,0
ENSG00000170340,52,126,168,83,255,297,78,132,116,96,122,286,18,39,133,32,148,285
ENSG00000173960,19,23,82,61,82,153,81,158,98,48,43,122,51,7,128,26,114,128
ENSG00000260926,0,0,0,4,0,0,0,0,0,0,0,10,0,0,0,0,0,0
XLOC_168299,0,0,0,0,0,0,0,0,0,0,0,0,0,0,0,0,0,0
XLOC_100777,7,5,17,7,18,37,12,0,32,5,27,32,3,5,26,1,26,27
ENSG00000145730,61,321,292,204,565,513,183,142,400,238,537,949,98,225,759,156,365,897
XLOC_004486,0,0,0,0,0,3,0,0,0,0,0,0,0,0,0,0,0,0
ENSG00000124614,0,6,2,0,0,15,1,0,3,0,5,5,1,0,11,2,19,0
ENSG00000161849,0,0,0,0,0,1,0,0,0,0,0,0,0,0,0,0,0,0
ENSG00000144130,0,5,0,0,0,1,0,0,0,0,0,1,1,0,0,0,0,1
XLOC_057280,4,2,10,1,1,32,10,10,21,17,15,14,5,13,50,2,36,23
XLOC_123293,19,22,146,79,231,190,81,20,163,44,265,181,65,34,191,39,207,204
ENSG00000117713,492,606,992,1278,645,980,1042,502,593,1023,689,1154,910,1211,739,563,857,1112
XLOC_082950,38,9,38,46,57,45,27,9,25,23,51,24,12,4,55,3,74,46
ENSG00000158850,17,32,38,53,25,70,62,12,35,45,22,53,51,114,61,27,33,62
XLOC_071720,1,78,13,16,39,41,16,5,0,9,26,51,1,9,11,9,35,28
XLOC_159660,0,0,0,0,0,0,0,0,0,0,0,0,0,0,0,0,0,0
XLOC_164073,0,0,0,0,0,0,1,0,0,0,0,0,0,0,0,0,0,1
XLOC_074018,5,9,12,26,2,40,33,3,20,37,5,40,8,19,7,9,24,21
XLOC_139871,0,0,1,18,6,17,23,2,10,7,3,11,1,42,5,4,4,64
XLOC_004570,0,0,0,0,0,0,0,0,0,0,0,0,0,0,0,0,0,0
XLOC_053060,0,0,0,0,0,0,0,0,0,0,0,0,0,0,0,0,0,0
ENSG00000279579,0,0,0,0,0,1,11,0,0,0,0,0,1,0,0,0,0,0
ENSG00000250597,0,0,0,0,0,0,0,0,0,0,0,0,0,0,0,0,0,0
ENSG00000144596,9,3,1,14,0,12,2,0,2,10,3,7,2,18,22,1,4,38
ENSG00000261090,0,0,1,0,0,0,2,0,0,1,0,0,0,5,0,0,0,0
ENSG00000138175,78,127,144,122,243,355,196,27,78,95,180,202,29,124,176,57,160,374
ENSG00000275835,40,41,51,55,67,128,47,37,79,82,94,124,21,29,85,23,92,139
ENSG00000127054,12,11,69,20,22,43,35,14,32,26,30,60,14,23,30,9,43,60
ENSG00000170262,1,10,32,0,0,16,11,1,1,11,1,72,3,5,4,4,0,73
ENSG00000117335,454,825,1193,766,1372,2313,1496,738,1164,2210,2621,3146,1351,1218,1945,1537,1429,2561
ENSG00000142149,9,18,10,20,28,18,74,20,4,37,73,67,56,16,8,25,41,34
ENSG00000129596,6,16,60,11,163,81,2,2,5,1,27,12,6,0,11,2,22,22
ENSG00000266651,0,2,1,3,1,2,3,0,0,0,0,8,2,0,1,0,0,0
XLOC_057723,0,0,0,0,0,0,0,0,0,0,0,0,0,1,0,0,0,0
ENSG00000242759,18,7,15,2,8,25,9,8,12,1,8,16,1,8,7,0,4,17
ENSG00000134884,759,1319,1511,2143,1799,2907,560,490,645,1098,975,1238,471,757,879,750,900,1106
ENSG00000259971,0,0,0,1,10,7,0,9,0,0,3,0,0,0,2,0,1,0
ENSG00000225742,0,0,0,0,0,0,0,0,0,0,0,0,0,0,0,0,0,0
ENSG00000267568,0,0,0,0,0,0,0,0,0,0,0,0,3,0,0,0,0,1
ENSG00000062194,306,548,738,752,1068,1455,905,427,675,519,983,1302,590,408,1020,282,1086,1477
ENSG00000226859,0,0,0,0,0,0,0,0,0,0,0,0,0,0,0,0,0,0
XLOC_041563,0,2,0,1,0,0,0,0,0,1,2,0,1,0,0,1,1,0
XLOC_085736,898,1749,2285,1635,2260,2412,1847,2294,1580,1525,2079,2311,1145,929,1731,1093,1712,1668
XLOC_151352,1,0,1,0,16,26,0,0,5,1,0,9,0,0,3,0,4,4
ENSG00000133131,15,69,85,56,190,224,48,189,70,105,98,274,23,85,87,45,86,209
ENSG00000139437,44,64,125,252,119,230,127,83,55,157,152,158,94,152,100,55,141,164
ENSG00000108960,32,74,65,36,226,119,13,15,23,21,42,159,15,22,39,10,145,305
ENSG00000185774,0,15,55,14,44,52,5,12,51,11,160,100,11,14,108,12,34,133
ENSG00000141858,14,11,18,22,51,17,24,24,32,31,12,15,27,19,23,19,25,14
ENSG00000133812,138,505,542,262,906,983,162,444,307,208,302,581,59,164,400,126,437,639
ENSG00000082805,698,1449,1095,1729,1288,1860,876,840,532,1138,1148,1548,562,630,1167,584,1227,1526
XLOC_158838,38,91,121,137,237,145,84,118,167,85,152,164,42,52,196,87,264,194
ENSG00000159322,14,19,60,28,70,79,18,13,25,18,33,110,8,9,93,17,69,93
XLOC_042381,6,7,2,7,6,5,11,2,14,4,1,11,1,9,4,3,11,21
ENSG00000197497,0,0,0,8,0,1,1,0,0,0,0,0,3,0,0,0,1,1
XLOC_121131,0,0,0,11,1,14,0,0,0,0,0,1,1,0,0,0,0,5
XLOC_062485,0,0,5,2,10,14,0,1,0,0,8,6,0,0,1,1,23,5
XLOC_087562,0,0,0,0,0,0,0,0,0,0,0,0,0,0,0,0,0,0
ENSG00000233721,0,0,0,0,0,1,0,32,0,0,2,0,0,0,0,0,0,0
ENSG00000186204,0,1,8,3,0,11,0,0,4,2,0,0,1,0,45,0,0,1
XLOC_047186,4,0,3,19,0,0,52,0,83,39,10,35,24,16,75,5,52,62
ENSG00000277559,0,0,0,0,0,0,0,0,0,0,0,0,0,0,0,0,0,0
XLOC_062129,0,27,24,0,3,12,1,0,30,5,2,6,4,4,27,1,0,18
XLOC_014463,59,421,377,164,472,387,62,304,66,107,219,409,41,15,109,112,153,211
ENSG00000162398,3,8,6,6,12,3,5,35,8,5,4,5,0,8,13,1,1,2
ENSG00000187193,5,115,91,6,77,18,0,36,13,7,19,21,1,17,5,0,14,14
XLOC_004488,0,0,0,0,0,0,0,0,0,0,0,0,0,0,0,0,0,0
ENSG00000177108,0,1,0,0,3,0,0,0,0,0,0,0,1,0,0,0,0,0
XLOC_145819,0,18,26,29,16,18,4,5,2,4,5,1,2,0,5,0,0,0
ENSG00000104823,9,11,22,55,12,43,22,2,16,19,17,35,61,23,26,11,16,25
ENSG00000240764,25,12,44,34,29,95,1,5,6,4,25,67,3,2,1,5,3,64
XLOC_048598,0,0,0,0,0,0,0,0,0,0,0,0,0,0,0,0,0,0
ENSG00000114388,6,19,13,11,5,26,7,2,18,18,21,10,8,17,15,3,17,31
ENSG00000230090,0,0,0,0,0,0,0,0,0,0,0,0,0,0,0,0,0,0
ENSG00000143119,33,5,103,51,51,20,6,8,3,20,26,23,2,11,17,2,70,14
ENSG00000163806,0,11,3,1,0,5,0,49,9,0,1,2,0,0,13,2,21,29
ENSG00000204444,0,0,0,0,1,0,0,1,0,0,0,0,0,0,0,0,2,0
XLOC_078189,0,2,0,3,1,5,0,14,3,5,11,5,0,3,9,5,11,8
ENSG00000256742,0,0,0,1,2,0,0,0,13,0,0,1,0,0,1,0,2,4
ENSG00000108557,63,77,159,71,144,177,133,117,109,72,189,258,82,93,228,54,175,172
ENSG00000271324,0,0,0,0,0,0,0,0,0,0,0,1,0,0,0,0,0,0
ENSG00000152520,138,252,594,534,916,1069,346,226,518,302,546,699,194,231,769,184,840,841
ENSG00000182676,0,0,0,0,0,0,0,0,2,0,0,0,0,1,0,0,0,0
ENSG00000004838,30,11,4,22,53,12,5,9,1,25,7,9,1,11,6,35,3,17
ENSG00000267273,1,0,0,1,1,0,0,0,0,0,0,0,0,1,0,0,0,0
XLOC_055423,0,1,1,0,10,0,1,0,1,1,0,2,0,3,1,2,2,6
ENSG00000137558,0,11,9,20,3,18,17,0,4,1,16,161,20,5,42,2,88,71
ENSG00000175395,27,38,193,68,193,253,26,71,90,53,90,135,25,17,127,27,118,164
ENSG00000268889,0,1,1,0,0,2,0,0,0,0,2,0,0,0,0,0,1,0
ENSG00000182544,19,27,18,28,8,45,28,104,22,18,4,39,25,3,22,24,23,2
XLOC_120746,0,0,0,1,0,1,1,0,26,0,3,0,1,0,0,0,0,8
XLOC_116898,322,247,478,675,457,1311,505,610,1918,985,1656,645,464,1005,2498,745,525,667
ENSG00000233200,0,0,0,0,0,0,0,0,0,0,0,0,0,0,0,0,0,0
ENSG00000165555,5,4,10,13,13,22,22,3,2,1,6,14,12,21,14,1,18,25
ENSG00000068366,82,503,1175,267,1273,1502,177,266,291,221,1307,4269,130,93,570,210,1175,1997
ENSG00000272888,136,380,928,372,1186,1433,486,527,1764,498,3235,2306,493,422,2808,443,1613,2173
XLOC_013098,0,0,0,0,6,1,0,0,1,0,1,1,0,0,0,0,4,1
ENSG00000179083,0,0,0,2,0,0,72,0,0,1,6,0,99,0,0,0,15,2
ENSG00000251206,0,0,0,0,0,0,0,2,2,0,0,5,1,0,0,0,0,1
ENSG00000261029,0,0,0,0,0,0,0,0,0,0,0,0,0,0,0,0,0,0
ENSG00000117298,116,157,206,112,218,235,75,98,55,59,193,182,72,70,92,20,215,158
ENSG00000182492,628,214,467,429,593,480,798,841,184,367,634,1103,288,1417,322,96,402,1875
XLOC_028475,7,16,31,33,16,54,18,9,28,30,32,78,17,63,66,29,48,82
ENSG00000163354,2,1,10,5,2,5,3,0,14,12,4,1,1,4,7,2,2,25
ENSG00000075624,3272,7377,7276,5833,7247,9259,5947,4465,4402,5751,5911,14702,3797,5111,8474,4086,7014,14067
ENSG00000111785,57,153,104,162,229,279,54,38,89,88,165,158,63,59,162,39,146,120
ENSG00000248708,0,0,0,0,0,0,0,0,10,0,0,3,0,0,0,0,0,0
ENSG00000087303,29,71,68,79,24,100,5,48,16,14,9,94,28,28,21,7,29,112
XLOC_101084,0,1,0,0,29,19,0,0,4,1,7,8,0,0,13,0,6,1
ENSG00000248876,0,0,0,0,0,0,0,0,0,0,0,0,0,0,0,0,0,0
XLOC_134665,0,1,2,11,4,11,14,0,2,5,5,9,1,0,0,4,2,1
XLOC_144229,0,0,0,0,2,0,0,0,0,0,0,0,0,2,0,0,1,0
ENSG00000086827,12,20,73,42,137,126,22,192,57,33,78,237,27,17,137,19,73,172
ENSG00000228512,0,0,1,5,0,8,0,0,0,3,8,3,0,0,2,0,1,1
ENSG00000164654,96,140,66,130,114,263,129,95,103,162,186,462,63,44,246,125,151,396
XLOC_027035,0,0,0,0,0,4,0,0,0,1,0,0,0,0,9,0,3,0
ENSG00000258476,0,1,2,0,1,0,0,1,0,0,3,0,0,2,0,0,1,2
ENSG00000183206,0,0,0,0,0,0,0,0,0,0,0,0,1,0,0,0,0,0
ENSG00000261035,0,0,0,0,0,0,0,0,0,0,0,0,0,0,0,0,0,0
ENSG00000233803,0,0,0,0,0,0,0,0,0,0,0,0,0,0,0,0,0,0
ENSG00000169609,72,12,80,46,47,110,83,30,118,84,124,38,55,96,247,21,139,126
XLOC_000404,142,400,724,426,911,613,295,386,522,303,664,471,136,464,686,172,706,535
ENSG00000219435,0,0,0,0,0,0,6,0,0,2,0,0,0,0,0,0,0,0
XLOC_139775,0,0,0,0,0,0,0,0,0,0,0,0,0,0,0,0,0,0
ENSG00000177150,32,52,64,32,59,114,41,4,81,21,84,239,24,9,76,26,102,121
XLOC_048273,0,0,0,0,0,0,0,0,0,0,0,0,0,0,0,0,0,0
XLOC_160777,12,71,64,20,131,61,21,22,49,55,97,157,23,18,88,48,114,160
ENSG00000229578,0,0,0,0,0,0,0,0,0,0,0,0,0,0,0,0,0,0
ENSG00000178096,0,0,12,12,9,10,25,1,3,3,7,23,3,4,8,4,9,5
ENSG00000159398,0,0,0,0,0,0,0,0,0,0,0,0,0,0,0,0,0,1
ENSG00000168152,5,8,42,23,9,55,14,0,12,18,80,96,2,16,48,42,20,33
ENSG00000156599,454,541,691,603,575,498,594,409,369,522,358,602,462,491,577,433,335,468
ENSG00000163453,100,114,321,247,414,519,91,159,128,93,332,619,58,92,239,46,358,725
ENSG00000236543,0,0,0,0,0,0,0,0,0,0,0,0,0,0,0,0,0,0
ENSG00000161277,1,1,3,18,8,2,4,9,15,11,12,6,8,22,15,3,6,5
ENSG00000215560,0,0,0,0,0,0,0,0,0,0,0,0,0,0,0,0,0,0
ENSG00000173376,748,897,1548,1131,2512,2385,1333,1404,2576,1032,3076,3890,817,638,2416,927,512,1420
ENSG00000142453,16,6,17,12,46,19,11,9,14,14,25,39,2,7,8,4,28,21
XLOC_022638,2,31,6,29,13,101,1,3,2,10,14,80,5,0,4,14,5,26
XLOC_090321,0,0,0,0,0,0,0,0,0,0,0,0,0,0,0,0,0,0
XLOC_129861,0,0,0,0,0,0,0,0,0,0,0,0,0,0,0,0,0,0
XLOC_087926,0,8,102,1,0,35,0,0,0,2,1,2,0,0,2,0,0,2
ENSG00000074317,0,0,0,1,0,0,0,0,0,1,0,1,0,0,0,0,0,0
ENSG00000231824,0,0,0,0,0,0,0,0,0,0,0,0,0,0,0,0,0,0
XLOC_133116,6,16,65,18,31,35,35,1,32,7,24,43,16,21,26,1,24,24
ENSG00000136205,331,642,1144,697,967,1300,532,647,688,499,818,2029,168,351,1023,232,976,2142
XLOC_168443,0,0,0,0,0,0,0,0,0,0,0,0,0,0,0,0,0,0
ENSG00000254834,0,0,0,0,0,0,0,0,0,0,0,0,0,0,0,0,0,0
ENSG00000263821,0,0,0,0,1,0,0,0,0,0,0,0,0,0,0,0,0,0
ENSG00000183011,6,45,7,6,11,18,23,10,9,5,14,23,12,26,25,9,22,14
XLOC_024568,0,0,2,1,1,2,0,1,0,0,2,0,1,1,0,0,1,2
ENSG00000256717,0,0,0,0,0,0,0,0,0,0,0,1,0,0,1,0,0,0
ENSG00000215014,0,0,9,1,4,13,0,0,1,2,5,17,0,8,5,0,13,0
ENSG00000133422,45,120,91,121,80,223,174,195,166,156,120,223,83,150,245,90,110,205
XLOC_086540,7,0,3,5,4,18,1,1,1,10,3,6,0,0,12,2,7,27
ENSG00000136883,0,0,1,1,0,6,12,0,1,1,13,3,2,0,18,0,11,2
ENSG00000174721,0,1,6,0,14,9,0,2,0,0,0,3,0,2,11,1,1,6
ENSG00000187609,1,0,7,5,7,1,1,0,2,13,3,0,1,3,4,3,2,3
ENSG00000137309,3,20,62,34,19,62,160,68,37,40,58,114,135,39,54,24,149,115
XLOC_098592,52,108,128,188,65,148,47,27,66,70,110,361,40,50,61,35,130,340
XLOC_147219,0,0,0,0,0,0,0,0,0,0,0,0,0,0,0,0,0,0
XLOC_152385,14,69,19,21,39,78,154,209,43,32,37,194,81,14,40,16,67,140
XLOC_084209,6,0,7,0,1,1,1,0,10,1,0,0,1,0,9,0,14,2
ENSG00000132952,72,146,274,136,260,488,34,86,202,95,181,423,28,60,321,50,290,416
ENSG00000217455,0,0,0,0,0,0,4,0,0,0,0,0,0,0,0,0,0,0
XLOC_053548,4,6,21,17,12,13,21,7,14,4,6,11,1,12,15,5,10,4
ENSG00000225413,0,0,0,0,0,0,0,0,0,0,0,0,0,0,0,0,0,0
XLOC_032469,0,0,1,12,20,10,0,4,18,0,6,5,0,8,5,4,66,12
ENSG00000273175,1,0,7,0,0,6,0,0,0,36,3,0,23,0,0,0,0,0
ENSG00000169967,301,871,2151,790,2866,3003,442,1044,1693,745,2334,3403,332,434,2601,415,3814,3774
XLOC_134722,4,0,41,19,8,27,27,1,51,21,99,45,3,15,108,10,10,88
ENSG00000128298,0,0,0,0,0,1,1,18,7,0,3,0,0,0,1,0,1,2
ENSG00000109832,0,0,7,2,8,14,1,0,5,0,0,10,5,3,23,0,29,12
ENSG00000138068,0,0,0,0,0,0,1,0,0,0,0,1,0,0,0,0,0,0
XLOC_147050,0,0,0,0,28,17,0,1,7,1,3,6,0,0,41,0,18,33
ENSG00000072786,94,355,377,344,299,532,223,280,204,254,184,375,81,83,176,61,276,550
XLOC_126768,0,1,1,1,5,0,0,14,4,1,1,15,0,21,2,0,1,8
XLOC_037020,0,5,28,19,37,14,0,6,16,3,24,10,0,0,26,1,10,33
ENSG00000196407,3,0,1,19,0,2,4,0,4,1,2,2,2,5,2,0,3,0
XLOC_055150,4,1,12,21,8,6,2,28,17,11,24,14,8,25,13,13,13,22
XLOC_096302,0,0,0,0,0,0,0,0,0,0,0,0,0,0,0,0,0,0
XLOC_037962,0,0,0,1,0,4,1,0,0,2,0,32,1,0,4,1,0,7
XLOC_029022,2,54,35,13,74,100,26,4,43,4,51,107,17,14,58,6,28,112
XLOC_093970,182,291,379,383,394,390,260,282,98,252,235,412,111,269,298,158,317,445
ENSG00000237271,0,0,0,0,0,0,0,0,0,0,0,0,0,0,0,0,0,0
XLOC_124905,0,0,1,0,0,0,0,0,0,0,0,1,0,0,0,0,0,0
XLOC_051482,0,0,0,2,2,0,0,0,0,0,10,0,2,3,0,0,0,0
ENSG00000260377,0,0,0,0,0,0,0,0,0,0,0,1,0,0,0,0,0,0
XLOC_048126,0,0,4,10,1,0,0,0,1,5,1,0,0,0,2,5,0,13
XLOC_103105,16,9,32,4,17,50,2,7,1,7,20,7,2,1,7,9,15,2
ENSG00000137992,12,18,125,78,229,307,80,90,211,52,203,142,39,43,285,58,124,201
ENSG00000114854,7,31,37,16,19,54,3,41,12,15,16,14,7,5,11,5,28,8
ENSG00000077092,27,65,77,31,159,117,12,5,21,21,37,50,19,10,21,3,36,61
ENSG00000154174,10,17,22,10,69,108,17,12,48,16,92,101,7,12,57,11,59,83
XLOC_021101,98,44,308,100,449,435,36,73,132,19,95,89,61,39,204,20,46,61
ENSG00000197903,12,9,10,31,7,17,12,8,4,22,17,18,11,20,10,13,21,25
ENSG00000273001,0,0,0,0,0,0,0,0,0,0,0,0,0,0,0,0,0,0
ENSG00000281327,0,0,0,0,0,0,0,0,0,0,0,0,0,0,0,0,0,1
XLOC_092858,0,0,0,0,0,3,0,2,0,0,0,0,0,1,0,0,0,0
ENSG00000234129,0,1,14,4,0,7,13,0,9,3,13,16,1,1,13,3,13,23
ENSG00000172809,181,388,405,406,491,752,482,306,386,424,564,686,323,314,511,239,606,820
ENSG00000126247,228,356,303,325,350,598,417,279,176,299,311,598,282,258,346,152,270,551
ENSG00000146433,23,84,130,62,151,208,67,36,100,54,177,320,34,31,166,36,157,249
XLOC_008976,0,0,1,0,3,6,0,2,2,0,0,7,1,3,1,0,3,2
ENSG00000099260,129,188,388,272,545,992,150,165,208,115,156,266,72,105,326,14,70,238
ENSG00000231078,0,0,0,0,0,0,0,0,0,0,0,0,0,0,0,0,0,0
ENSG00000250390,0,0,0,0,0,1,0,0,0,0,0,0,0,0,0,0,1,2
XLOC_008418,138,156,235,211,273,151,252,145,97,89,192,100,163,187,154,67,118,112
ENSG00000100603,179,232,343,352,307,549,319,230,168,205,223,475,124,182,237,190,256,440
ENSG00000237087,0,0,0,0,0,0,0,0,0,0,0,0,0,0,0,0,0,0
ENSG00000171094,18,18,56,24,11,70,3,41,10,5,11,19,3,9,21,10,14,34
XLOC_017830,17,10,25,33,40,36,7,0,18,15,27,31,13,6,20,9,34,22
XLOC_039247,27,1,19,20,9,33,66,2,85,13,69,0,5,29,112,2,40,10
ENSG00000254206,9,7,63,13,71,45,2,36,46,22,53,67,4,19,183,11,29,55
ENSG00000180198,46,40,104,143,59,111,110,32,142,117,167,479,94,74,253,55,146,319
XLOC_059534,4,1,42,1,35,52,9,0,13,2,17,33,18,1,36,1,83,24
XLOC_102489,307,206,664,625,710,592,422,331,396,542,617,717,343,233,516,265,888,788
ENSG00000283039,0,0,0,0,0,0,0,0,0,0,0,0,0,0,1,0,0,0
ENSG00000250098,1,0,0,0,0,0,0,0,0,0,0,1,0,0,3,0,0,0
XLOC_155033,0,0,0,0,0,0,0,0,0,0,0,0,0,0,0,0,1,0
ENSG00000134318,360,1189,1811,807,2565,2843,560,713,893,830,1122,2308,442,399,1473,582,1061,2113
ENSG00000054611,31,50,106,60,48,94,54,31,75,97,75,120,38,52,154,25,70,138
XLOC_093167,0,0,0,0,2,0,0,0,1,1,0,0,1,1,0,0,0,0
ENSG00000183891,2,1,18,4,32,45,3,0,26,11,31,23,1,9,30,8,25,40
ENSG00000186810,1,4,8,22,5,8,0,1,1,2,3,5,10,1,11,3,9,3
ENSG00000254893,0,3,0,1,6,5,0,1,1,2,3,15,1,1,1,0,3,11
ENSG00000248383,1,9,11,5,34,85,2,6,24,32,97,79,19,9,15,13,48,104
ENSG00000254237,0,0,5,0,0,9,0,0,0,1,0,0,0,0,0,0,0,0
XLOC_085247,0,0,2,6,0,3,0,0,0,2,2,0,0,1,2,1,0,2
ENSG00000182218,2,3,24,31,33,14,3,0,2,4,7,5,2,3,6,4,12,42
ENSG00000196154,76,50,43,82,45,67,50,38,8,40,12,26,19,23,18,21,20,21
ENSG00000264729,0,0,0,0,0,0,0,0,0,0,0,0,0,0,0,0,0,0
ENSG00000158092,96,134,137,164,294,289,64,118,132,100,179,316,40,46,200,75,198,272
XLOC_134150,17,149,134,42,39,146,77,32,30,50,55,301,37,75,65,20,52,215
ENSG00000182165,0,0,0,2,0,5,0,0,0,0,0,0,0,1,1,0,7,7
XLOC_152568,4,10,10,21,49,36,4,26,18,28,30,65,11,13,30,28,45,44
ENSG00000026103,49,174,238,107,337,484,33,213,187,84,162,372,23,42,333,38,187,420
ENSG00000006695,17,30,23,53,33,53,46,84,43,23,77,76,66,39,65,66,48,79
ENSG00000258804,0,0,0,0,0,0,2,0,1,0,0,0,0,0,0,0,0,0
XLOC_017005,82,110,247,135,68,337,175,124,142,122,174,199,115,89,135,44,162,96
ENSG00000275228,2,0,1,0,1,1,2,0,5,0,1,3,1,0,9,0,0,0
ENSG00000274209,0,0,0,0,0,0,0,0,7,0,0,1,0,2,1,0,0,0
XLOC_029528,13,8,37,32,14,35,10,2,25,26,35,41,9,33,29,8,35,24
ENSG00000176922,0,0,0,0,0,0,0,0,0,0,0,0,0,0,0,0,0,0
XLOC_127749,3,25,10,11,4,45,3,3,7,3,13,8,0,1,35,1,7,23
ENSG00000233234,0,0,0,0,0,0,0,0,0,0,0,0,0,0,0,0,0,0
ENSG00000223561,8,0,0,0,0,1,0,1,1,3,6,0,0,0,7,0,21,0
XLOC_071105,36,89,88,33,125,139,17,17,34,13,70,59,18,40,31,12,18,71
ENSG00000254706,0,0,0,0,0,0,0,0,0,0,0,0,0,0,0,0,0,0
XLOC_079183,0,0,0,0,0,0,0,0,0,0,0,0,0,0,0,0,0,0
ENSG00000168566,63,70,199,203,235,333,41,51,179,108,204,356,56,84,211,54,203,324
ENSG00000163873,0,9,0,0,9,1,0,14,0,3,0,1,0,0,1,0,2,0
XLOC_077368,25,18,59,33,138,78,37,5,13,25,51,147,18,22,77,7,83,96
ENSG00000214087,5,17,3,19,9,18,15,27,9,24,13,19,5,29,45,15,24,36
ENSG00000224222,0,0,0,0,0,0,0,0,0,0,0,2,0,0,0,1,0,0
ENSG00000143869,1,3,15,9,18,15,9,0,13,2,14,9,5,5,31,1,36,6
ENSG00000254968,0,3,0,0,0,2,0,1,0,3,1,11,0,0,1,0,0,0
ENSG00000233472,0,0,0,0,0,0,0,0,0,0,0,0,0,0,2,0,0,2
ENSG00000198483,2,15,4,4,9,6,1,0,0,1,5,0,1,3,0,14,22,10
XLOC_022581,0,0,0,0,0,0,0,0,0,0,0,0,0,0,0,0,0,0
XLOC_119450,0,0,0,0,0,0,0,0,0,0,0,0,0,0,0,0,0,0
ENSG00000168273,13,7,22,20,14,21,29,30,16,17,23,36,8,19,24,23,26,51
ENSG00000182580,11,6,3,2,0,22,2,9,2,10,2,23,0,16,27,3,11,18
XLOC_099405,1,0,0,0,24,36,1,0,0,1,1,0,0,0,0,0,5,0
ENSG00000099910,27,10,23,56,20,58,40,44,21,57,28,50,23,68,37,18,29,37
ENSG00000241328,0,0,0,0,0,0,0,0,0,0,0,0,0,0,0,0,0,0
ENSG00000178896,9,101,49,30,16,15,39,20,37,44,40,53,37,67,80,14,65,37
ENSG00000231114,5,0,1,4,0,19,0,0,0,2,0,0,6,0,16,0,0,8
XLOC_120522,0,0,0,0,0,0,0,0,0,0,0,0,0,0,0,0,0,0
ENSG00000236922,0,0,0,0,0,0,0,0,0,6,0,0,0,0,2,0,0,0
ENSG00000257660,0,0,0,0,0,0,0,0,0,0,0,0,0,0,0,0,0,0
XLOC_118808,273,265,497,483,301,383,194,346,909,629,3614,349,258,498,1137,338,1732,396
ENSG00000234116,0,0,0,0,0,0,0,0,0,0,0,0,0,0,0,0,0,0
XLOC_168123,0,0,0,0,0,27,0,0,0,0,0,58,0,0,0,0,0,118
ENSG00000273473,0,0,0,0,2,0,0,0,0,1,0,0,0,0,3,1,0,2
XLOC_126529,0,0,0,0,0,0,0,0,0,0,0,0,0,0,0,0,0,0
ENSG00000213967,3,4,20,7,44,30,60,2,33,13,209,13,33,1,69,3,150,15
ENSG00000279607,0,0,0,0,0,0,0,0,0,0,0,0,0,0,0,0,0,0
XLOC_144226,0,0,0,7,0,0,0,0,0,4,1,0,0,8,0,0,0,0
ENSG00000180475,0,0,0,0,0,0,0,0,0,0,0,2,0,0,0,0,1,0
ENSG00000204961,6,2,33,1,49,14,10,0,1,8,95,63,0,2,9,8,55,96
XLOC_034923,0,0,1,0,0,2,0,1,1,0,0,1,0,0,0,0,0,0
XLOC_083004,172,242,64,238,38,158,223,166,179,60,143,75,122,134,169,30,20,29
XLOC_092509,0,0,3,3,6,0,6,0,17,2,2,5,4,1,33,3,0,6
XLOC_053538,0,0,0,0,0,0,0,6,0,0,0,0,0,0,0,0,0,0
XLOC_010624,24,26,44,168,47,43,40,13,38,132,37,86,47,29,75,64,121,160
ENSG00000265352,0,0,0,0,0,0,0,0,0,0,0,0,0,0,0,0,0,0
ENSG00000151287,6,29,7,6,16,46,9,11,13,3,22,45,2,2,15,5,11,74
XLOC_139357,8,1,5,3,1,6,37,1,22,3,15,14,20,7,40,2,8,8
ENSG00000134287,5583,7420,5513,4865,7869,4679,13606,3791,4005,5153,10191,7301,11020,7432,5831,3390,7982,7736
XLOC_004847,0,1,0,0,0,11,0,0,7,0,15,2,0,0,18,0,13,0
ENSG00000257563,0,0,0,0,0,0,0,0,0,0,0,0,0,0,0,0,0,0
ENSG00000141480,76,110,167,280,212,456,130,167,75,173,169,357,74,150,338,113,158,387
XLOC_046877,31,18,81,23,26,20,43,3,71,15,33,24,31,38,81,21,29,59
XLOC_114092,2,1,1,2,1,9,1,0,3,1,7,7,0,2,4,1,3,4
ENSG00000240563,24,28,53,9,81,127,2,1,4,9,2,10,3,5,16,2,4,47
ENSG00000181513,0,16,10,13,5,14,2,2,17,4,15,18,4,2,8,6,9,6
ENSG00000277135,0,0,0,0,0,0,0,0,0,0,0,0,0,0,0,0,0,0
ENSG00000171453,18,108,52,115,48,97,135,11,48,76,52,348,111,63,73,128,81,138
ENSG00000170290,0,0,3,0,0,0,0,1,0,1,0,0,0,0,0,0,1,0
XLOC_085244,7,3,10,18,51,17,6,6,4,16,21,18,3,13,27,5,23,13
ENSG00000172465,30,89,114,97,233,169,79,64,65,109,126,216,61,107,183,92,123,205
XLOC_024884,3,0,1,2,9,16,1,7,6,2,5,4,0,0,2,0,9,11
XLOC_141746,15,44,56,90,63,42,16,57,43,50,24,25,4,56,60,16,145,59
ENSG00000057149,0,0,0,0,0,1,0,0,0,0,0,3,0,0,0,0,0,0
ENSG00000102970,0,0,1,3,0,1,0,0,9,1,8,2,0,9,0,0,1,1
XLOC_043053,68,11,37,54,103,63,11,8,9,8,15,15,12,6,17,26,19,10
XLOC_040590,0,0,5,9,18,7,19,16,43,16,26,24,15,22,62,27,36,7
ENSG00000109065,1,9,22,21,7,22,10,8,25,13,10,41,9,15,11,6,12,48
ENSG00000212124,0,0,0,0,0,0,0,0,0,0,0,0,0,0,0,0,0,0
XLOC_130002,4392,5687,20736,9629,20401,30254,7373,20174,10258,7207,14440,23003,5995,9791,24429,1995,12636,19417
ENSG00000124785,17,20,140,18,91,136,12,39,17,2,14,18,10,14,11,1,14,8
ENSG00000147852,77,90,165,156,77,390,188,89,53,69,78,411,147,43,107,39,37,305
XLOC_067955,0,0,0,0,0,0,0,0,0,0,0,0,0,0,0,0,0,0
XLOC_132547,0,0,0,0,0,0,0,0,0,0,0,0,0,0,0,0,0,0
ENSG00000270171,2,0,0,2,5,5,2,0,2,0,0,1,0,0,8,0,2,0
ENSG00000279782,0,0,0,0,0,0,0,0,0,0,0,0,0,0,0,0,0,0
ENSG00000106701,10,74,79,52,235,321,12,150,40,34,105,237,18,5,69,19,97,261
ENSG00000167733,0,0,0,0,0,1,0,0,1,0,1,4,2,7,0,4,11,4
ENSG00000181192,25,54,79,96,87,121,144,66,106,116,112,107,92,120,202,90,123,124
ENSG00000283462,2,2,0,1,0,9,0,0,0,1,4,0,0,0,1,0,6,0
XLOC_145344,25,0,59,63,130,73,106,46,66,25,147,167,67,35,127,22,126,179
ENSG00000183463,0,0,0,0,0,0,0,0,0,0,0,0,0,0,0,0,0,0
XLOC_013486,0,0,0,0,0,0,0,0,0,0,0,0,0,0,0,0,0,0
ENSG00000228718,0,0,0,0,0,0,0,0,0,0,0,0,0,0,0,0,0,0
ENSG00000108591,15,22,15,29,32,34,12,16,12,21,16,44,13,9,25,17,18,26
ENSG00000232604,0,0,0,0,0,0,0,0,0,0,0,0,0,0,0,0,0,0
XLOC_127877,7,13,16,36,23,47,34,0,10,9,37,102,8,1,34,14,52,68
ENSG00000188624,0,0,0,0,2,1,0,9,0,0,0,1,0,0,0,0,0,0
ENSG00000258736,0,0,0,0,0,1,0,0,0,0,0,0,0,0,0,0,0,0
XLOC_024237,0,0,0,0,0,0,0,0,0,0,0,0,0,0,0,0,0,0
XLOC_143997,2,25,3,0,3,38,0,0,2,0,3,1,0,0,0,0,1,0
XLOC_168259,0,0,0,0,0,0,0,0,0,0,0,0,0,0,0,0,0,0
XLOC_090975,1471,6066,3173,1520,3352,5187,1059,2733,1099,868,2274,3256,923,978,1623,667,2682,2855
XLOC_149124,22,9,7,23,47,54,21,1,29,13,31,23,17,16,49,16,56,41
XLOC_036854,20,3,5,20,45,25,9,36,5,7,42,31,1,3,2,9,10,4
XLOC_087013,3,0,16,34,18,22,10,0,46,28,24,23,6,20,92,20,49,34
XLOC_094771,3,71,20,12,1,31,18,2,2,19,2,11,25,6,4,5,10,4
ENSG00000173320,48,67,108,189,94,192,237,53,223,194,181,172,181,268,405,92,242,135
ENSG00000226578,0,0,0,0,1,2,0,0,6,0,0,4,1,0,27,0,4,5
XLOC_137247,0,0,15,0,7,1,0,0,0,1,7,6,0,0,1,0,0,0
XLOC_087340,0,0,0,0,1,7,0,0,5,2,1,0,0,2,6,0,0,0
ENSG00000179914,0,0,0,53,5,115,1,0,0,2,0,2,0,0,1,0,18,1
ENSG00000135775,22,9,126,42,56,103,78,5,81,99,74,152,39,33,109,42,97,154
ENSG00000197976,10,16,34,24,26,50,7,23,23,13,29,60,5,29,29,13,19,41
ENSG00000138735,100,141,526,206,604,747,103,118,165,105,330,331,24,52,113,81,351,399
ENSG00000159579,33,131,157,94,157,317,85,146,83,82,186,225,52,72,112,44,181,394
ENSG00000216649,0,0,0,0,0,0,0,0,0,0,0,0,0,0,0,0,0,0
ENSG00000126947,13,27,46,34,88,142,20,31,79,43,54,86,9,20,88,26,67,190
ENSG00000145220,58,151,99,73,60,138,75,17,54,68,51,197,65,36,92,33,83,145
XLOC_052791,15,24,84,61,67,114,23,60,124,34,87,130,25,15,88,19,84,72
XLOC_155577,17,53,171,228,78,45,20,57,169,77,41,19,5,60,168,54,164,21
ENSG00000188120,0,0,0,0,0,0,0,0,0,0,0,0,0,0,0,0,0,0
ENSG00000056972,41,137,132,127,195,205,50,136,70,69,96,254,10,63,107,61,102,205
ENSG00000168818,80,145,111,103,116,277,91,122,83,114,175,246,83,51,132,76,234,249
ENSG00000256394,0,0,1,0,0,0,0,0,0,0,0,0,0,0,0,0,0,0
ENSG00000255175,0,0,0,0,0,1,0,0,0,0,0,0,0,0,0,0,0,0
ENSG00000004478,20,168,109,99,127,200,136,95,170,136,105,184,133,74,289,114,152,146
ENSG00000223443,0,0,3,0,0,1,1,1,0,0,0,6,0,0,0,5,0,0
ENSG00000280671,0,0,0,0,0,0,0,0,0,0,0,0,0,0,0,0,0,0
ENSG00000279473,0,0,0,0,0,0,0,0,0,0,0,0,0,0,0,0,0,0
XLOC_050186,0,0,0,0,0,7,0,0,0,0,0,0,0,0,12,0,0,0
XLOC_144695,3,0,0,16,19,10,7,7,7,12,14,8,0,4,17,4,7,5
ENSG00000204228,1,1,0,4,1,4,2,0,2,3,0,0,7,0,14,0,7,0
ENSG00000198648,397,367,550,788,286,401,1165,230,361,2019,998,1427,963,635,773,2986,824,1256
ENSG00000156976,537,853,1477,1097,1771,2477,476,638,1125,857,1582,2602,385,595,1893,496,1795,2619
ENSG00000273156,0,0,1,1,3,2,0,0,1,0,6,7,0,0,1,0,5,0
XLOC_136730,40,119,267,38,636,385,74,62,163,36,406,248,38,74,290,25,270,383
ENSG00000257268,0,0,0,0,0,0,0,0,0,0,0,0,0,0,0,0,0,0
ENSG00000283617,0,0,0,0,0,0,0,0,0,0,0,0,0,0,0,0,0,0
ENSG00000196132,0,0,0,0,0,1,0,0,0,0,0,0,0,0,0,0,0,0
ENSG00000100811,76,139,320,169,325,568,121,265,131,162,160,372,44,146,189,148,191,465
ENSG00000198668,2,2,19,7,13,37,2,3,23,18,7,6,0,3,36,8,30,22
XLOC_108545,0,0,0,0,0,0,0,0,0,0,0,0,0,0,0,0,0,0
XLOC_099414,1,0,6,2,16,32,12,0,1,1,2,1,2,2,2,0,4,2
XLOC_045097,25,35,19,65,10,45,84,24,27,37,26,28,31,28,26,23,33,57
ENSG00000258772,0,0,0,0,0,0,0,0,0,0,2,2,0,0,0,0,0,0
XLOC_147988,276,331,515,735,860,925,164,323,512,550,854,307,106,533,694,221,644,331
ENSG00000069122,624,1296,1747,916,2745,2996,1155,891,1411,1363,2768,3735,843,690,2340,973,991,1445
ENSG00000105996,2,0,3,10,18,5,1,5,6,0,7,25,0,24,1,1,5,5
XLOC_060528,1,1,0,10,1,11,2,0,6,4,4,24,2,6,21,0,3,9
ENSG00000143416,155,171,289,344,141,387,378,280,349,433,257,258,271,896,498,287,204,78
